"X.1","tree.id","tree.ref","ref.is.self","ref.is.ref","ref.is.tree","ref.missing","plot.id","foc","cmp","species","dbh","ba20","ref","brg.to.ref","backbrg","dist.to.ref","notes","tree.or.logger","former.id","X","brg.to.ref.true","x","y","dummy.coords","elev","cluster","voronoi.area","radius","radius.external"
20,"1434","1432",FALSE,TRUE,FALSE,FALSE,"YB01F","X",NA,"PSME",63.7,8,"1432",333,FALSE,8.2,"pitching","tree","","",346.5,10553.67482,-48003.56129,0,1097.84446340053,"SL",41.09335692,NA,242.81742
26,"2001","2000",FALSE,TRUE,FALSE,FALSE,"RS98F","X",NA,"PSME",43.6,7,"2000",295,TRUE,4.5,"","tree","","",128.5,31570.96747,-32312.06723,0,1214.16144458486,"SL",149.7866763,153.042234653762,176.05326
32,"1435","1434",FALSE,FALSE,TRUE,FALSE,"YB01F","X",NA,"PSME",77.2,7,"1434",259,TRUE,6.1,"","tree","","",92.5,10547.58063,-48003.29521,0,1096.65805084829,"SL",55.9153339,NA,287.65902
39,"2003","2001",FALSE,FALSE,TRUE,FALSE,"RS98F","X",NA,"PIPO",41.2,8,"2001",143,FALSE,10.6,"","tree","","",156.5,31566.74073,-32302.34639,0,1214.79743491518,"SL",68.32827886,140.809358622335,168.08142
40,"2022","2020",FALSE,TRUE,FALSE,FALSE,"RS58","X",NA,"PSME",96.6,14,"2020",90,FALSE,8.2,"fire scar","tree","","",103.5,30544.53548,-33508.98735,0,1253.78600230781,"SL",60.60958076,NA,352.09806
41,"2563","2561",FALSE,TRUE,FALSE,FALSE,"RT02","X",NA,"PSME",27.7,10,"2561",191,TRUE,1.4,"","tree","","",24.5,28501.48519,-52322.38563,0,1199.55327155483,"SL",24.25620608,116.043612392463,123.23982
47,"1144","1143",FALSE,TRUE,FALSE,FALSE,"LESTAN","X",NA,"PIPO",34.8,9,"1143",340,FALSE,10.8,"","tree","","",353.5,1480.560585,-21023.10662,0,1108.4890624842,"SL",NA,NA,146.82318
48,"1436","1435",FALSE,FALSE,TRUE,FALSE,"YB01F","X",NA,"PSME",47.5,6,"1435",79,FALSE,5.2,"","tree","","",92.5,10542.38558,-48003.06839,0,1095.63989580909,"SL",86.31846384,194.701499980598,189.0075
54,"2104","2100",FALSE,FALSE,TRUE,FALSE,"RS91","X",NA,"PSME",93.8,12,"2100",342,FALSE,59.1,"","tree","","",355.5,15379.76434,-26338.81748,0,1491.66040050633,"SL",79.55640107,NA,342.79758
55,"2049","RS77ROCK",FALSE,TRUE,FALSE,FALSE,"RS77","X",NA,"PSME",68.9,6,"RS77ROCK",22,FALSE,17.2,"","tree","","",35.5,17768.68016,-10354.02704,0,1367.88996693014,"SL",116.9980077,NA,260.08974
57,"2004","2003",FALSE,FALSE,TRUE,FALSE,"RS98F","X",NA,"PSME",45.7,5,"2003",141,FALSE,9.3,"","tree","","",154.5,31562.73698,-32293.95235,0,1215.35574321673,"SL",76.86609448,200.920086897396,183.02862
58,"2024","2022",FALSE,FALSE,TRUE,FALSE,"RS58","X",NA,"PSME",74.6,9,"2022",230,TRUE,11.4,"","tree","","",63.5,30534.33323,-33514.07401,0,1255.31798773257,"SL",58.71589575,228.355505034059,279.02286
59,"2566","2563",FALSE,FALSE,TRUE,FALSE,"RT02","X",NA,"ABCO",41.2,12,"2563",84,FALSE,5.3,"","tree","","",97.5,28496.23053,-52321.69384,0,1199.55113210935,"SL",17.0717235,195.984789664583,168.08142
65,"1145","1144",FALSE,FALSE,TRUE,FALSE,"LESTAN","X",NA,"PSME",114.4,9,"1144",41,FALSE,14.3,"","tree","","",54.5,1468.918733,-21031.41067,0,1109.17255902466,"SL",58.95419842,NA,411.22254
66,"1111","1110",FALSE,TRUE,FALSE,FALSE,"YSO3","X",NA,"PIPO",76.2,12,"1110",323,FALSE,15,"","tree","","distance from 1110 is a gest guess (was blank on datasheet)",336.5,2834.467032,-21360.09989,0,1196.9755106759,"SL",4.889922861,NA,284.33742
68,"1437","1436",FALSE,FALSE,TRUE,FALSE,"YB01F","X",NA,"PIPO",49.5,8,"1436",75,FALSE,10.8,"","tree","","",88.5,10531.58928,-48003.3511,0,1093.20480570686,"SL",35.82996095,NA,195.6507
69,"2116","RS91HR1",FALSE,TRUE,FALSE,FALSE,"RS91H","X",NA,"PSME",68.9,12,"RS91HR1",106,FALSE,14.8,"","tree","","",119.5,15619.01811,-26032.48191,0,1477.78173636094,"SL",48.201681,NA,260.08974
70,"2600","PM101",FALSE,TRUE,FALSE,FALSE,"TEDDY","X",NA,"PIPO",73.5,10,"PM101",172,FALSE,12.7,"","tree","","",185.5,30045.28193,-33420.45674,0,1201.48412039565,"SL",39.11853386,NA,275.3691
77,"2106","2104",FALSE,FALSE,TRUE,FALSE,"RS91","X",NA,"PSME",135.1,8,"2104",82,TRUE,14.4,"","tree","","",275.5,15394.09805,-26340.19766,0,1488.94205675052,"SL",144.6230603,NA,479.97966
78,"2151","RS54R1",FALSE,TRUE,FALSE,FALSE,"RS54","X",NA,"PIPO",68.7,8,"RS54R1",63,TRUE,4.7,"","tree","","",256.5,25650.91028,-33219.01759,0,1430.5458497958,"SL",37.43393785,265.747159009815,259.42542
79,"2050","2049",FALSE,FALSE,TRUE,FALSE,"RS77","X",NA,"PSME",44.1,9,"2049",241,FALSE,11.5,"","tree","","",254.5,17779.76191,-10350.9538,0,1367.86111677961,"SL",35.32268155,NA,177.71406
80,"2040","RS85BROCK2",FALSE,TRUE,FALSE,FALSE,"RS85B","X",NA,"PIPO",89.8,6,"RS85BROCK2",22,FALSE,11.9,"","tree","","",35.5,16672.5228,-11850.86849,0,1428.4697780257,"SL",19.22705872,NA,329.51118
82,"2008","2004",FALSE,FALSE,TRUE,FALSE,"RS98F","X",NA,"PSME",50.6,9,"2004",31,FALSE,11.2,"","tree","","",44.5,31554.8868,-32301.94075,0,1214.99715281909,"SL",37.24096769,NA,199.30446
83,"2025","2024",FALSE,FALSE,TRUE,FALSE,"RS58","X",NA,"PSME",103.6,9,"2024",72,FALSE,1.6,"fire scar","tree","","",85.5,30532.73816,-33514.19954,0,1255.32507676169,"SL",219.4742138,NA,375.34926
84,"2501","2500",FALSE,TRUE,FALSE,FALSE,"SA03","X",NA,"ABCO",32,7,"2500",74,FALSE,13.8,"","tree","","",87.5,28005.03098,-48934.65295,0,1463.19728287839,"SL",35.6093589,NA,137.5227
85,"2527","2524",FALSE,TRUE,FALSE,FALSE,"RS10","X",NA,"PSME",43.8,12,"2524",140,FALSE,10.5,"","tree","","",153.5,33184.32073,-52959.23973,0,1276.9321500645,"SL",76.91787012,175.464641230352,176.71758
86,"2569","2566",FALSE,FALSE,TRUE,FALSE,"RT02","X",NA,"PSME",123.5,8,"2566",0,FALSE,9.8,"","tree","","",13.5,28493.94277,-52331.22306,0,1204.01589027682,"SL",23.56265786,NA,441.4491
92,"1226","1225",FALSE,TRUE,FALSE,FALSE,"RR7","X",NA,"PIPO",62.1,6,"1225",30,FALSE,12.5,"","tree","","",43.5,65209.95524,-91543.65748,0,1401.57337233149,"SL",74.08569433,261.256614581256,237.50286
93,"1134","1133",FALSE,TRUE,FALSE,FALSE,"HARDIN B","X",NA,"PIPO",37,9,"1133",218,TRUE,5.6,"","tree","","",51.5,7506.587954,-23024.66101,0,1255.83156851628,"SL",35.85160455,144.977181983706,154.1307
94,"1147","1145",FALSE,FALSE,TRUE,FALSE,"LESTAN","X",NA,"PSME",84.2,15,"1145",41,FALSE,10.7,"","tree","","",54.5,1460.207697,-21037.62419,0,1110.09192151897,"SL",NA,NA,310.91022
95,"1146","1145",FALSE,FALSE,TRUE,FALSE,"LESTAN","X",NA,"PIPO",74.2,9,"1145",334,FALSE,12.6,"","tree","","",347.5,1471.645872,-21043.712,0,1114.29560054675,"SL",27.19869514,NA,277.69422
96,"1112","1111",FALSE,FALSE,TRUE,FALSE,"YSO3","X",NA,"PIPO",42.7,7,"1111",320,FALSE,14.1,"","tree","","",333.5,2840.758422,-21372.71847,0,1196.50683673416,"SL",91.37785364,177.082738232841,173.06382
100,"1438","1437",FALSE,FALSE,TRUE,FALSE,"YB01F","X",NA,"PIPO",49.9,11,"1437",20,FALSE,3.7,"","tree","","",33.5,10529.54711,-48006.43648,0,1091.59651562524,"SL",12.83073343,212.551885972121,196.97934
101,"1499","1500",FALSE,TRUE,FALSE,FALSE,"YB01A","X",NA,"PIPO",45.1,9,"1500",360,FALSE,1.6,"","tree","","",13.5,10302.75645,-48117.7371,0,1109.77703633187,"SL",7.620931143,168.922143089833,181.03566
102,"2122","2116",FALSE,FALSE,TRUE,FALSE,"RS91H","X",NA,"PSME",53.9,8,"2116",322,FALSE,33.3,"","tree","","",335.5,15632.8274,-26062.78362,0,1472.23109489438,"SL",77.19811168,218.218988558422,210.26574
103,"2601","2600",FALSE,FALSE,TRUE,FALSE,"TEDDY","X",NA,"ABCO",41,10,"2600",10,FALSE,15.6,"","tree","","",23.5,30039.06145,-33434.76288,0,1202.33364575541,"SL",13.61798929,140.646821239291,167.4171
112,"2107","2106",FALSE,FALSE,TRUE,FALSE,"RS91","X",NA,"ABCO",65.4,11,"2106",51,FALSE,12.8,"","tree","","",64.5,15382.54495,-26345.7082,0,1492.15116517036,"SL",68.97047716,NA,248.46414
113,"2152","2151",FALSE,FALSE,TRUE,FALSE,"RS54","X",NA,"PSME",71.8,5,"2151",145,FALSE,11.7,"","tree","","",158.5,25646.62222,-33208.1317,0,1427.75151870255,"SL",52.15833806,NA,269.72238
114,"2051","2050",FALSE,FALSE,TRUE,FALSE,"RS77","X",NA,"PSME",33.9,12,"2050",214,FALSE,18.8,"","tree","","",227.5,17793.62272,-10338.25271,0,1363.34382848014,"SL",64.5988031,132.432118470255,143.83374
115,"2041","2040",FALSE,FALSE,TRUE,FALSE,"RS85B","X",NA,"PSME",81.1,15,"2040",310,TRUE,7.1,"","tree","","",143.5,16668.29956,-11845.16111,0,1428.01620505478,"SL",26.22337411,NA,300.61326
117,"2009","2008",FALSE,FALSE,TRUE,FALSE,"RS98F","X",NA,"PIPO",34.4,9,"2008",188,TRUE,5.2,"","tree","","",21.5,31552.98099,-32306.77892,0,1214.73458079527,"SL",8.360129312,133.209769225171,145.49454
118,"2026","2025",FALSE,FALSE,TRUE,FALSE,"RS58","X",NA,"PSME",61.6,7,"2025",95,FALSE,20,"","tree","","",108.5,30513.77169,-33507.85345,0,1254.24464987663,"SL",23.0762176,NA,235.84206
119,"2502","2501",FALSE,FALSE,TRUE,FALSE,"SA03","X",NA,"ABCO",42.8,7,"2501",158,FALSE,10.6,"","tree","","",171.5,28003.4642,-48924.16938,0,1459.83684497175,"SL",25.71144764,NA,173.39598
120,"2509","2500",FALSE,TRUE,FALSE,FALSE,"SA03","X",NA,"PIPO",126.7,8,"2500",249,TRUE,37.3,"","tree","","",82.5,27981.83695,-48938.91963,0,1460.75252374596,"SL",65.28740984,NA,452.07822
121,"2528","2527",FALSE,FALSE,TRUE,FALSE,"RS10","X",NA,"PIPO",115.1,4,"2527",322,TRUE,13.2,"","tree","","",155.5,33178.84678,-52947.22824,0,1276.38940100965,"SL",92.77639481,199.419941312994,413.54766
122,"2535","2534",FALSE,TRUE,FALSE,FALSE,"RS10","X",NA,"PSME",49.2,9,"2534",271,FALSE,11.6,"","tree","","",284.5,33204.1919,-53003.2998,0,1279.00867788874,"SL",NA,NA,194.65422
123,"2572","2569",FALSE,FALSE,TRUE,FALSE,"RT02","X",NA,"ABCO",37.2,14,"2569",110,FALSE,13.6,"","tree","","",123.5,28482.60192,-52323.71672,0,1201.29708331796,"SL",33.75630816,128.496233079429,154.79502
130,"1227","1226",FALSE,FALSE,TRUE,FALSE,"RR7","X",NA,"PIPO",102.8,7,"1226",150,FALSE,6.9,"dwarf mistletoe","tree","","",163.5,65207.99554,-91537.04163,0,1399.53778985818,"SL",104.628144,NA,372.69198
132,"1135","1134",FALSE,FALSE,TRUE,FALSE,"HARDIN B","X",NA,"PSME",93.4,12,"1134",218,TRUE,5.6,"","tree","","",51.5,7502.205348,-23028.14709,0,1255.10123247393,"SL",80.62050312,NA,341.46894
133,"1148","1147",FALSE,FALSE,TRUE,FALSE,"LESTAN","X",NA,"PIPO",79.5,15,"1147",120,FALSE,7.4,"","tree","","",133.5,1454.839927,-21032.53037,0,1106.96736837617,"SL",NA,255.324727534435,295.2987
134,"1155","1146",FALSE,FALSE,TRUE,FALSE,"LESTAN","X",NA,"PSME",47.9,17,"1146",310,FALSE,14.5,"","tree","","",323.5,1480.270803,-21055.36792,0,1120.05451142908,"SL",NA,180.862675052707,190.33614
135,"1113","1112",FALSE,FALSE,TRUE,FALSE,"YSO3","X",NA,"PILA",67.3,5,"1112",204,FALSE,4.3,"","tree","","",217.5,2843.376096,-21369.30705,0,1196.70405522381,"SL",NA,NA,254.77518
141,"1441","1438",FALSE,FALSE,TRUE,FALSE,"YB01F","X",NA,"PIPO",40.5,7,"1438",52,FALSE,3.8,"","tree","","",65.5,10526.08926,-48008.01231,0,1090.40978574964,"SL",29.47278163,NA,165.7563
142,"1418","1499",FALSE,FALSE,TRUE,FALSE,"YB01A","X",NA,"PSME",71.2,10,"1499",30,FALSE,1.7,"","tree","","",43.5,10301.58625,-48118.97024,0,1110.21491825619,"SL",17.56511175,119.388715681959,267.72942
143,"2142","RS98BROCK",FALSE,TRUE,FALSE,FALSE,"RS98B","X",NA,"PSME",59.3,6,"RS98BROCK",190,FALSE,9.1,"","tree","","",203.5,33207.81983,-31895.68747,0,1237.83967546446,"SL",38.31100021,221.227822111956,228.20238
144,"2124","2122",FALSE,FALSE,TRUE,FALSE,"RS91H","X",NA,"ABCO",70,10,"2122",88,TRUE,6.4,"","tree","","",281.5,15639.09892,-26064.05957,0,1472.67301750129,"SL",20.7747996,322.066620657303,263.7435
145,"2134","RS91HR3",FALSE,TRUE,FALSE,FALSE,"RS91H","X",NA,"PSME",72.9,12,"RS91HR3",351,FALSE,6.3,"","tree","","",4.5,15772.17312,-26054.30178,0,1494.06153272572,"SL",18.31472065,NA,273.37614
146,"2602","2601",FALSE,FALSE,TRUE,FALSE,"TEDDY","X",NA,"ABCO",45.8,10,"2601",5,FALSE,21.1,"","tree","","",18.5,30032.36632,-33454.77251,0,1204.23540939249,"SL",38.88175865,NA,183.36078
155,"2108","2107",FALSE,FALSE,TRUE,FALSE,"RS91","X",NA,"PSME",136.2,8,"2107",351,FALSE,38.5,"","tree","","",4.5,15379.52428,-26384.08952,0,1500.02509616364,"SL",NA,NA,483.63342
156,"2156","2152",FALSE,FALSE,TRUE,FALSE,"RS54","X",NA,"PSME",35.1,6,"2152",164,FALSE,11.3,"","tree","","",177.5,25646.12932,-33196.84246,0,1425.55272099456,"SL",17.87345899,167.591104011388,147.81966
158,"2052","2051",FALSE,FALSE,TRUE,FALSE,"RS77","X",NA,"PSME",67.5,8,"2051",324,FALSE,13.3,"dying tree ~ fire","tree","","",337.5,17798.71241,-10350.5403,0,1369.67855493363,"SL",63.4732282,253.0492097918,255.4395
160,"2034","2032",FALSE,TRUE,FALSE,FALSE,"RS85B","X",NA,"PSME",47.4,11,"2032",95,TRUE,2,"","tree","","",288.5,16748.12662,-11857.02765,0,1428.31101438182,"SL",13.12177109,148.723897459246,188.67534
161,"2042","2041",FALSE,FALSE,TRUE,FALSE,"RS85B","X",NA,"PIPO",77.6,15,"2041",104,FALSE,27.7,"","tree","","",117.5,16643.72936,-11832.37067,0,1424.23668573446,"SL",18.00536934,264.198727927536,288.98766
163,"2010","2009",FALSE,FALSE,TRUE,FALSE,"RS98F","X",NA,"PIPO",34.3,10,"2009",275,TRUE,1.1,"","tree","","",108.5,31551.93783,-32306.42989,0,1214.7720500503,"SL",16.97802029,NA,145.16238
164,"2027","2026",FALSE,FALSE,TRUE,FALSE,"RS58","X",NA,"PSME",56.4,9,"2026",3,FALSE,9.9,"","tree","","",16.5,30510.95993,-33517.34577,0,1257.4042504176,"SL",61.92869288,236.015271630675,218.56974
165,"2503","2502",FALSE,FALSE,TRUE,FALSE,"SA03","X",NA,"ABCO",55,11,"2502",96,FALSE,8.2,"","tree","","",109.5,27995.73454,-48921.43216,0,1458.0081945377,"SL",8.462063413,213.24025046582,213.9195
166,"2510","2509",FALSE,FALSE,TRUE,FALSE,"SA03","X",NA,"PIPO",142.9,9,"2509",282,FALSE,12.3,"","tree","","",295.5,27992.93875,-48944.21491,0,1464.01794871229,"SL",17.7744858,NA,505.88814
167,"2529","2528",FALSE,FALSE,TRUE,FALSE,"RS10","X",NA,"PIPO",115.9,4,"2528",46,FALSE,18.6,"","tree","","",59.5,33162.82047,-52956.66846,0,1279.40521136235,"SL",122.0436221,NA,416.20494
168,"2536","2535",FALSE,FALSE,TRUE,FALSE,"RS10","X",NA,"PIPO",123.9,11,"2535",25,FALSE,11.8,"","tree","","",38.5,33196.84622,-53012.53457,0,1280.0139133473,"SL",60.29365902,NA,442.77774
169,"2573","2572",FALSE,FALSE,TRUE,FALSE,"RT02","X",NA,"PSME",30.8,11,"2572",14,FALSE,4.4,"","tree","","",27.5,28480.57023,-52327.61957,0,1203.3206477946,"SL",6.157219948,NA,133.53678
179,"1228","1227",FALSE,FALSE,TRUE,FALSE,"RR7","X",NA,"PSME",36.9,6,"1227",280,FALSE,14.2,"pitching cankers","tree","","",293.5,65221.01779,-91542.70387,0,1399.91432514604,"SL",51.79437045,168.03167388849,153.79854
181,"1108","PM25",FALSE,TRUE,FALSE,FALSE,"HARDIN","X",NA,"PSME",41.6,NA,"PM25",0,FALSE,0,"","tree","PM25","",13.5,9893.689085,-23084.41597,0,1361.94293173092,"SL",60.32121812,93.3363787609716,169.41006
182,"1136","1135",FALSE,FALSE,TRUE,FALSE,"HARDIN B","X",NA,"PIPO",48,14,"1135",234,TRUE,7.7,"","tree","","",67.5,7495.091476,-23031.09375,0,1254.2688984489,"SL",27.06001281,182.630893689732,190.6683
183,"1150","1148",FALSE,FALSE,TRUE,FALSE,"LESTAN","X",NA,"PIPO",64.7,12,"1148",55,FALSE,24.2,"","tree","","",68.5,1432.323822,-21041.3997,0,1105.36139628856,"SL",NA,NA,246.13902
184,"1156","1155",FALSE,FALSE,TRUE,FALSE,"LESTAN","X",NA,"PSME",39.8,17,"1155",269,FALSE,4.1,"","tree","","",282.5,1484.273616,-21056.25533,0,1121.00733874185,"SL",4.59092138,NA,163.43118
185,"1123","1122",FALSE,TRUE,FALSE,FALSE,"YSO3","X",NA,"PIPO",90.1,13,"1122",256,FALSE,12.5,"","tree","","",269.5,2787.704283,-21286.10598,0,1195.11418996041,"SL",NA,NA,330.50766
186,"1116","1113",FALSE,FALSE,TRUE,FALSE,"YSO3","X",NA,"PSME",52.9,9,"1113",51,FALSE,26.3,"","tree","","",64.5,2819.638103,-21380.62949,0,1194.93944564032,"SL",43.10697831,182.738157897172,206.94414
187,"1119","1110",FALSE,TRUE,FALSE,FALSE,"YSO3","X",NA,"PSME",70.4,8,"1110",39,FALSE,53.6,"","tree","","",52.5,2785.962057,-21378.9736,0,1191.4544776353,"SL",27.59682011,296.558006115719,265.07214
188,"1070","PM186",FALSE,TRUE,FALSE,FALSE,"RT01","X",NA,"PSME",51.7,NA,"PM186",0,FALSE,0,"pm186","tree","PM186","",13.5,66449.60139,-91473.86786,0,1514.63606865286,"SL",60.06733152,212.164157280707,202.95822
196,"1439","1441",FALSE,FALSE,TRUE,FALSE,"YB01F","X",NA,"PIPO",55.5,8,"1441",323,FALSE,3.1,"","tree","","",336.5,10527.32538,-48010.8552,0,1089.57602431665,"SL",17.78168444,318.695935379476,215.5803
197,"1498","1418",FALSE,FALSE,TRUE,FALSE,"YB01A","X",NA,"PIPO",57.8,13,"1418",360,FALSE,4.2,"","tree","","",13.5,10300.60578,-48123.05419,0,1111.35891319324,"SL",15.59891315,NA,223.21998
198,"1497","PM217",FALSE,TRUE,FALSE,FALSE,"YB01A","X",NA,"PIPO",62,NA,"PM217",153,FALSE,20.1,"","tree","","",166.5,10317.98943,-48111.55766,0,1106.59305348643,"SL",27.38819897,NA,237.1707
199,"2143","2142",FALSE,FALSE,TRUE,FALSE,"RS98B","X",NA,"PIPO",92,3,"2142",103,FALSE,18.5,"","tree","","",116.5,33191.26354,-31887.43281,0,1242.97285704482,"SL",50.33592367,NA,336.8187
200,"2119","2116",FALSE,FALSE,TRUE,FALSE,"RS91H","X",NA,"PSME",75.6,11,"2116",226,FALSE,14.4,"","tree","","",239.5,15631.42557,-26025.17335,0,1481.12397953066,"SL",15.07775613,NA,282.34446
201,"2125","2122",FALSE,FALSE,TRUE,FALSE,"RS91H","X",NA,"PSME",60.1,5,"2122",152,FALSE,14.4,"","tree","","",165.5,15629.22193,-26048.84229,0,1475.32862267304,"SL",41.17206814,250.191496235306,230.85966
202,"2123","2124",FALSE,FALSE,TRUE,FALSE,"RS91H","X",NA,"PIPO",115.1,12,"2124",309,FALSE,11.1,"","tree","","",322.5,15645.85617,-26072.86579,0,1471.36165499943,"SL",18.87873434,NA,413.54766
203,"2137","2134",FALSE,FALSE,TRUE,FALSE,"RS91H","X",NA,"PSME",74.3,10,"2134",164,FALSE,12.7,"","tree","","",177.5,15771.61915,-26041.61387,0,1496.30326436648,"SL",21.72770357,298.39324290432,278.02638
204,"2607","2602",FALSE,FALSE,TRUE,FALSE,"TEDDY","X",NA,"PIPO",75.5,11,"2602",166,FALSE,30.4,"","tree","","",179.5,30032.10103,-33424.37366,0,1200.44389719567,"SL",115.0599652,284.335749047755,282.0123
220,"2102","2100",FALSE,FALSE,TRUE,FALSE,"RS91","X",NA,"PSME",109.2,6,"2100",41,FALSE,25.9,"","tree","","",54.5,15354.04182,-26294.93987,0,1488.73120716041,"SL",149.8126242,NA,393.95022
221,"2109","2108",FALSE,FALSE,TRUE,FALSE,"RS91","X",NA,"ABCO",79.6,6,"2108",320,TRUE,5.6,"","tree","","",153.5,15377.02557,-26379.07788,0,1498.89558472262,"SL",53.97697893,NA,295.63086
222,"2113","2104",FALSE,FALSE,TRUE,FALSE,"RS91","X",NA,"PSME",97.4,9,"2104",30,FALSE,7.4,"","tree","","",43.5,15374.67052,-26344.18525,0,1493.4774620697,"SL",20.77616741,NA,354.75534
223,"2157","2156",FALSE,FALSE,TRUE,FALSE,"RS54","X",NA,"PIPO",56.2,7,"2156",170,FALSE,10.9,"","tree","","",183.5,25646.79475,-33185.96279,0,1423.57022321356,"SL",49.04161928,199.369308136992,217.90542
225,"2053","2052",FALSE,FALSE,TRUE,FALSE,"RS77","X",NA,"PSME",65.6,8,"2052",60,TRUE,5.9,"","tree","","",253.5,17804.36945,-10348.86461,0,1369.43855389844,"SL",34.17007212,NA,249.12846
227,"2035","2034",FALSE,FALSE,TRUE,FALSE,"RS85B","X",NA,"PSME",60.6,9,"2034",20,TRUE,2.6,"","tree","","",213.5,16749.56166,-11854.85954,0,1427.38906925538,"SL",NA,215.74951181502,232.52046
228,"2043","2042",FALSE,FALSE,TRUE,FALSE,"RS85B","X",NA,"PSME",72.4,11,"2042",4,TRUE,3.2,"","tree","","",197.5,16644.69162,-11829.31878,0,1423.70442684044,"SL",44.12891212,266.167483205736,271.71534
230,"2005","2004",FALSE,FALSE,TRUE,FALSE,"RS98F","X",NA,"PIPO",44.8,6,"2004",258,FALSE,15.9,"","tree","","",271.5,31578.63153,-32294.36856,0,1215.1120308381,"SL",86.69955393,158.366427954976,180.03918
231,"2011","2010",FALSE,FALSE,TRUE,FALSE,"RS98F","X",NA,"PSME",67,11,"2010",299,TRUE,4,"","tree","","",132.5,31548.98872,-32303.72753,0,1214.98207311942,"SL",37.92883596,260.824812454572,253.7787
232,"2028","2027",FALSE,FALSE,TRUE,FALSE,"RS58","X",NA,"ABCO",99.8,6,"2027",39,FALSE,13.5,"core mislabeled as PSME","tree","","",52.5,30500.24966,-33525.56404,0,1261.11876955114,"SL",77.06992459,NA,362.72718
233,"2504","2503",FALSE,FALSE,TRUE,FALSE,"SA03","X",NA,"PSME",42.5,7,"2503",46,FALSE,18.3,"","tree","","",59.5,27979.96672,-48930.72012,0,1458.33631296422,"SL",56.7942339,NA,172.3995
234,"2513","2500",FALSE,TRUE,FALSE,FALSE,"SA03","X",NA,"ABCO",34.4,9,"2500",145,FALSE,13.7,"","tree","","",158.5,28013.79678,-48921.30428,0,1460.2907784367,"SL",21.40155975,155.456354706481,145.49454
235,"2511","2510",FALSE,FALSE,TRUE,FALSE,"SA03","X",NA,"PIPO",119.6,7,"2510",117,FALSE,33,"","tree","","",130.5,27967.84535,-48922.78313,0,1454.50062395722,"SL",56.90581762,NA,428.49486
236,"2520","PM265",FALSE,TRUE,FALSE,FALSE,"SA03","X",NA,"PIPO",42,10,"PM265",283,FALSE,7.3,"from previous sampling period ","tree","","",296.5,28149.40711,-48871.75056,0,1451.9498785648,"SL",NA,NA,170.7387
237,"2530","2529",FALSE,FALSE,TRUE,FALSE,"RS10","X",NA,"PSME",41.6,11,"2529",322,FALSE,14.6,"","tree","","",335.5,33168.875,-52969.95389,0,1279.74923301595,"SL",16.51954093,NA,169.41006
238,"2537","2536",FALSE,FALSE,TRUE,FALSE,"RS10","X",NA,"ABCO",65,12,"2536",250,FALSE,9.9,"*whoops! Covered an ABCO","tree","","",263.5,33206.68258,-53011.41386,0,1279.46618439228,"SL",53.33778173,194.470999917424,247.1355
239,"2574","2573",FALSE,FALSE,TRUE,FALSE,"RT02","X",NA,"ABCO",27,12,"2573",50,TRUE,1.9,"","tree","","",243.5,28482.2706,-52326.77179,0,1202.76698434892,"SL",12.30206368,NA,120.9147
255,"1229","1228",FALSE,FALSE,TRUE,FALSE,"RR7","X",NA,"PSME",50,6,"1228",255,FALSE,9,"","tree","","",268.5,65230.01471,-91542.46827,0,1398.85067233926,"SL",62.7003096,223.054432193356,197.3115
256,"2581","2579",FALSE,TRUE,FALSE,FALSE,"RS01","X",NA,"PSME",76,16,"2579",196,TRUE,3.9,"","tree","","",29.5,28439.74776,-51952.56769,0,1215.75490296346,"SL",24.82554335,NA,283.6731
259,"PM35","PM27",FALSE,TRUE,FALSE,FALSE,"HARDIN","x",NA,"PSME",60.4,7,"PM27",203,FALSE,17.8,"bearing might be with declination","tree","","",216.5,9895.166255,-23061.07915,0,1362.37675405353,"SL",NA,257.829764726539,231.85614
260,"1319","1108",FALSE,FALSE,TRUE,FALSE,"HARDIN","X",NA,"PIPO",63.7,11,"1108",72,FALSE,5.7,"","tree","","",85.5,9888.006656,-23084.86319,0,1363.06199161749,"SL",29.60439425,NA,242.81742
261,"1137","1136",FALSE,FALSE,TRUE,FALSE,"HARDIN B","X",NA,"PSME",61.7,11,"1136",61,FALSE,10.8,"","tree","","",74.5,7484.684267,-23033.97993,0,1253.23625733903,"SL",33.63634204,262.36059950524,236.17422
262,"1151","1150",FALSE,FALSE,TRUE,FALSE,"LESTAN","x",NA,"PSME",43.1,10,"1150",5,FALSE,16,"","tree","","",18.5,1427.246947,-21056.57288,0,1109.46575452643,"SL",43.51489509,173.594571569689,174.39246
263,"1159","1156",FALSE,FALSE,TRUE,FALSE,"LESTAN","X",NA,"PSME",34.5,13,"1156",229,FALSE,21.6,"","tree","","",242.5,1503.43305,-21046.28156,0,1119.8783654268,"SL",14.75257801,145.880828194336,145.8267
264,"1124","1123",FALSE,FALSE,TRUE,FALSE,"YSO3","X",NA,"PIPO",74.6,13,"1123",155,TRUE,7.2,"","tree","","",348.5,2789.139732,-21293.16143,0,1195.72176268771,"SL",53.07167851,NA,279.02286
265,"1117","1116",FALSE,FALSE,TRUE,FALSE,"YSO3","X",NA,"PIPO",66.8,13,"1116",358,FALSE,10,"","tree","","",11.5,2817.644423,-21390.42874,0,1194.08771470049,"SL",84.51545305,259.767498531394,253.11438
266,"1120","1119",FALSE,FALSE,TRUE,FALSE,"YSO3","X",NA,"PILA",66.3,9,"1119",96,FALSE,4.5,"","tree","","",109.5,2781.720171,-21377.47147,0,1191.03155663084,"SL",61.61697694,NA,251.45358
267,"1062","PM195",FALSE,TRUE,FALSE,FALSE,"RT01","X",NA,"PSME",39.6,7,"PM195",0,FALSE,0,"pm195","tree","PM195","",13.5,66447.6211,-91496.98197,0,1516.62486516838,"SL",25.77916859,172.042242201597,162.76686
269,"1068","PM208",FALSE,TRUE,FALSE,FALSE,"RT01","X",NA,"PSME",46.3,NA,"PM208",0,FALSE,0,"pm208","tree","PM208","",13.5,66446.00257,-91525.48792,0,1516.27794910341,"SL",13.66465074,215.378030597759,185.02158
270,"1071","1070",FALSE,FALSE,TRUE,FALSE,"RT01","X",NA,"PIPO",47,9,"1070",192,TRUE,9.4,"","tree","","",25.5,66445.55459,-91482.35217,0,1515.02673018598,"SL",12.27518942,217.75651947718,187.3467
272,"1232","1227",FALSE,FALSE,TRUE,FALSE,"RR7","X",NA,"PIPO",70.3,8,"1227",70,FALSE,6.4,"dwarf mistletoe","tree","","",83.5,65201.63668,-91537.76613,0,1400.51015109798,"SL",47.04344556,255.651376695913,264.73998
282,"1440","1439",FALSE,FALSE,TRUE,FALSE,"YB01F","X",NA,"PIPO",47.6,7,"1439",231,FALSE,3.7,"","tree","","",244.5,10530.66494,-48009.26231,0,1090.68573812612,"SL",16.93359654,157.480785611877,189.33966
283,"1427","1425",FALSE,TRUE,FALSE,FALSE,"YB01B","X",NA,"PSME",37.7,8,"1425",197,FALSE,6.1,"","tree","","",210.5,10504.45205,-47879.70893,0,1111.62395043968,"SL",29.79751525,158.30886687956,156.45582
284,"1430","1429",FALSE,TRUE,FALSE,FALSE,"YB01B","X",NA,"PSME",28.7,5,"1429",221,FALSE,9.8,"","tree","","",234.5,10512.25746,-47917.68802,0,1110.55785458359,"SL",39.3336654,123.486643134106,126.56142
285,"1417","1498",FALSE,FALSE,TRUE,FALSE,"YB01A","X",NA,"PSME",36.8,9,"1498",240,TRUE,3.6,"","tree","","",73.5,10297.15403,-48124.07665,0,1112.01818119824,"SL",20.32636095,NA,153.46638
286,"1494","1497",FALSE,FALSE,TRUE,FALSE,"YB01A","X",NA,"PIPO",41.7,8,"1497",24,FALSE,16.6,"","tree","","",37.5,10307.88399,-48124.72732,0,1110.93489054887,"SL",64.16464016,188.651178031076,169.74222
287,"2140","RS98BROCK",FALSE,TRUE,FALSE,FALSE,"RS98B","X",NA,"PSME",64.8,5,"RS98BROCK",64,FALSE,14.6,"","tree","","",77.5,33189.93729,-31907.19273,0,1233.40618282591,"SL",16.12047622,NA,246.47118
288,"2144","2143",FALSE,FALSE,TRUE,FALSE,"RS98B","X",NA,"PSME",36,4,"2143",105,TRUE,6.7,"","tree","","",298.5,33197.15162,-31890.62977,0,1240.92524953554,"SL",38.58488271,126.22313007115,150.8091
289,"2146","RS98BROCK",FALSE,TRUE,FALSE,FALSE,"RS98B","X",NA,"PIPO",31,9,"RS98BROCK",50,FALSE,6.2,"","tree","","",63.5,33198.64262,-31906.79914,0,1233.40710582134,"SL",22.06908035,NA,134.2011
290,"2148","RS98BROCK2",FALSE,TRUE,FALSE,FALSE,"RS98B","X",NA,"PSME",129.3,8,"RS98BROCK2",340,FALSE,4.8,"","tree","","",353.5,33235.72323,-31879.55929,0,1245.66291748156,"SL",39.62108048,NA,460.71438
291,"2120","2119",FALSE,FALSE,TRUE,FALSE,"RS91H","X",NA,"PIPO",104.6,14,"2119",178,FALSE,6.5,"","tree","","",191.5,15632.72146,-26018.80384,0,1482.6886803518,"SL",21.51434726,NA,378.67086
292,"2126","2125",FALSE,FALSE,TRUE,FALSE,"RS91H","X",NA,"PIPO",58.1,5,"2125",226,TRUE,2.3,"","tree","","",59.5,15627.24018,-26050.00963,0,1474.73959170355,"SL",NA,255.967830592154,224.21646
293,"2129","2123",FALSE,FALSE,TRUE,FALSE,"RS91H","X",NA,"ABCO",49.5,6,"2123",215,FALSE,9.5,"","tree","","",228.5,15652.97125,-26066.5709,0,1473.76447777797,"SL",30.38243063,NA,195.6507
294,"2131","RS91HR2",FALSE,TRUE,FALSE,FALSE,"RS91H","X",NA,"PSME",84.5,13,"RS91HR2",263,FALSE,3.5,"","tree","","",276.5,15726.46424,-26064.77941,0,1484.02316555417,"SL",42.57241638,NA,311.9067
295,"2138","2137",FALSE,FALSE,TRUE,FALSE,"RS91H","X",NA,"ABCO",60.2,10,"2137",254,TRUE,4.8,"","tree","","",87.5,15766.82372,-26041.82324,0,1495.4129717398,"SL",45.81518305,NA,231.19182
296,"2548","2548R",FALSE,TRUE,FALSE,FALSE,"RS01","X",NA,"PSME",70.7,11,"2548R",294,FALSE,15,"ref. pt. is backpack on road","tree","","",307.5,28248.53581,-51801.42637,0,1191.24421507358,"SL",37.60762866,235.813861882,266.06862
297,"2557","2555",FALSE,TRUE,FALSE,FALSE,"RS01","X",NA,"PIPO",35.9,11,"2555",306,TRUE,12.1,"","tree","","",139.5,27674.75895,-51694.33919,0,1183.51628672508,"SL",35.32087929,154.303077411427,150.47694
298,"2593","PM44",FALSE,TRUE,FALSE,FALSE,"TEDDY","X",NA,"ABCO",35.7,13,"PM44",238,FALSE,12.7,"","tree","","",251.5,30053.6726,-33432.26332,0,1203.65210918457,"SL",9.485553972,183.777718056774,149.81262
299,"2596","PM44",FALSE,TRUE,FALSE,FALSE,"TEDDY","X",NA,"PIPO",71.4,10,"PM44",341,FALSE,8.8,"","tree","","",354.5,30042.47233,-33445.05258,0,1204.05581047599,"SL",45.27508549,NA,268.39374
300,"2605","2602",FALSE,FALSE,TRUE,FALSE,"TEDDY","X",NA,"ABCO",73,13,"2602",77,FALSE,24.1,"","tree","","",90.5,30008.26724,-33454.5622,0,1201.88219636209,"SL",8.653097594,NA,273.7083
301,"2608","2607",FALSE,FALSE,TRUE,FALSE,"TEDDY","X",NA,"PSME",44.2,13,"2607",214,FALSE,13.3,"","tree","","",227.5,30041.90682,-33415.38831,0,1200.56365483155,"SL",11.02065841,178.969500813036,178.04622
326,"2103","2102",FALSE,FALSE,TRUE,FALSE,"RS91","X",NA,"ABCO",53.4,10,"2102",327,FALSE,8.8,"","tree","","",340.5,15356.97932,-26303.23512,0,1489.84152764773,"SL",28.35445303,NA,208.60494
327,"2110","2109",FALSE,FALSE,TRUE,FALSE,"RS91","X",NA,"PSME",144,10,"2109",117,FALSE,30.2,"","tree","","",130.5,15354.06131,-26359.46455,0,1500.32692339861,"SL",116.1154457,NA,509.5419
328,"2114","2113",FALSE,FALSE,TRUE,FALSE,"RS91","X",NA,"ABCO",63.8,10,"2113",218,FALSE,6.9,"","tree","","",231.5,15380.07051,-26339.8899,0,1491.75768357048,"SL",40.34784506,244.058428776544,243.14958
329,"2160","2162",FALSE,TRUE,FALSE,FALSE,"RS81","X",NA,"PSME",32.6,5,"2162",88,FALSE,6,"tree dying","tree","","",101.5,24397.70176,-33184.34792,0,1422.93834431107,"SL",31.79289036,NA,139.51566
330,"2154","2152",FALSE,FALSE,TRUE,FALSE,"RS54","X",NA,"PSME",111.5,6,"2152",68,FALSE,17.2,"pitching","tree","","",81.5,25629.61115,-33210.67402,0,1426.09657146117,"SL",53.31989333,NA,401.5899
331,"2158","2157",FALSE,FALSE,TRUE,FALSE,"RS54","X",NA,"PSME",109.7,5,"2157",220,FALSE,15.9,"","tree","","",233.5,25659.57607,-33176.50511,0,1423.79053728084,"SL",15.48319989,NA,395.61102
336,"2054","2053",FALSE,FALSE,TRUE,FALSE,"RS77","X",NA,"PSME",51.6,9,"2053",132,FALSE,8.3,"","tree","","",145.5,17799.66828,-10342.02437,0,1365.72333515451,"SL",47.09375569,NA,202.62606
338,"2036","2035",FALSE,FALSE,TRUE,FALSE,"RS85B","X",NA,"PIPO",104.3,7,"2035",284,FALSE,15,"","tree","","",297.5,16762.86682,-11861.78577,0,1430.80351093352,"SL",73.9632521,NA,377.67438
339,"2038","RS85BROCK",FALSE,TRUE,FALSE,FALSE,"RS85B","X",NA,"PSME",48.6,7,"RS85BROCK",51,FALSE,5.9,"","tree","","",64.5,16689.43676,-11917.28245,0,1430.6160014802,"SL",39.76705779,221.145620788873,192.66126
340,"2044","2043",FALSE,FALSE,TRUE,FALSE,"RS85B","X",NA,"PIPO",46.3,11,"2043",83,FALSE,20.5,"","tree","","",96.5,16624.3234,-11826.99811,0,1421.34419190022,"SL",NA,171.874217359716,185.02158
341,"2046","2043",FALSE,FALSE,TRUE,FALSE,"RS85B","X",NA,"PIPO",56.8,9,"2043",178,FALSE,19.9,"","tree","","",191.5,16648.65904,-11809.81828,0,1416.92151336511,"SL",39.04983487,242.667231544465,219.89838
343,"2006","2005",FALSE,FALSE,TRUE,FALSE,"RS98F","X",NA,"PSME",58.3,9,"2005",180,FALSE,12.9,"","tree","","",193.5,31581.64298,-32281.82499,0,1215.7917767882,"SL",133.7635612,NA,224.88078
344,"2012","2011",FALSE,FALSE,TRUE,FALSE,"RS98F","X",NA,"PSME",71.4,8,"2011",177,FALSE,11.2,"","tree","","",190.5,31551.02976,-32292.71507,0,1215.61674143555,"SL",27.97962591,NA,268.39374
345,"2030","2028",FALSE,FALSE,TRUE,FALSE,"RS58","X",NA,"PSME",83.9,9,"2028",292,FALSE,12.7,"","tree","","",305.5,30510.58893,-33532.93897,0,1263.30659788804,"SL",116.1132838,NA,309.91374
346,"2505","2504",FALSE,FALSE,TRUE,FALSE,"SA03","X",NA,"PIPO",131.5,8,"2504",343,FALSE,15.4,"","tree","","",356.5,27980.90687,-48946.09139,0,1462.46505759719,"SL",53.68052447,NA,468.0219
347,"2514","2513",FALSE,FALSE,TRUE,FALSE,"SA03","X",NA,"ABCO",34.9,7,"2513",8,FALSE,7.5,"","tree","","",21.5,28011.04802,-48928.28241,0,1462.09477369979,"SL",NA,161.634224927657,147.15534
348,"2512","2511",FALSE,FALSE,TRUE,FALSE,"SA03","X",NA,"PIPO",105,6,"2511",172,FALSE,7.3,"","tree","","",185.5,27968.54503,-48915.51674,0,1452.66414807086,"SL",13.92159475,NA,379.9995
349,"2521","2520",FALSE,FALSE,TRUE,FALSE,"SA03","X",NA,"PIPO",NA,15,"2520",178,FALSE,6.1,"","tree","","",191.5,28150.62325,-48865.77302,0,1449.83879867061,"SL",24.70137779,261.174707220981,NA
350,"2589","SBREFUGEREF",FALSE,TRUE,FALSE,FALSE,"SB01","X",NA,"PSME",37.7,8,"SBREFUGEREF",355,TRUE,6.8,"refugium sample","tree","","",188.5,32918.77135,-52591.38874,0,1260.04988056993,"SL",NA,209.690777407285,156.45582
351,"2525","2524",FALSE,TRUE,FALSE,FALSE,"RS10","X",NA,"PSME",37.6,10,"2524",62,TRUE,4.1,"","tree","","",255.5,33192.97521,-52967.60998,0,1276.98460642791,"SL",21.9853568,112.734393130432,156.12366
352,"2532","2530",FALSE,FALSE,TRUE,FALSE,"RS10","X",NA,"PSME",53.7,10,"2530",330,FALSE,6.4,"","tree","","",343.5,33170.69269,-52976.09034,0,1280.06018314108,"SL",29.39355619,213.119911822,209.60142
353,"2538","2537",FALSE,FALSE,TRUE,FALSE,"RS10","X",NA,"PIPO",104.4,10,"2537",294,FALSE,14.5,"","tree","","",307.5,33218.18621,-53020.2409,0,1279.67455042725,"SL",NA,NA,378.00654
354,"2564","2563",FALSE,FALSE,TRUE,FALSE,"RT02","X",NA,"ABCO",28,12,"2563",350,FALSE,18.8,"","tree","","",3.5,28500.33748,-52341.15056,0,1207.95792623335,"SL",8.030139823,NA,124.2363
355,"2567","2566",FALSE,FALSE,TRUE,FALSE,"RT02","X",NA,"PSME",36,12,"2566",84,FALSE,2,"","tree","","",97.5,28494.24765,-52321.43279,0,1199.54711520228,"SL",20.85922232,136.681126126219,150.8091
356,"2570","2569",FALSE,FALSE,TRUE,FALSE,"RT02","X",NA,"ABCO",91.5,13,"2569",288,FALSE,19.4,"","tree","","",301.5,28510.48399,-52341.35953,0,1207.21537452261,"SL",33.84905479,NA,335.1579
357,"2575","2574",FALSE,FALSE,TRUE,FALSE,"RT02","X",NA,"PSME",35.5,11,"2574",175,FALSE,7.7,"","tree","","",188.5,28483.40874,-52319.15637,0,1199.09264815916,"SL",8.073704376,NA,149.1483
381,"1073","PM205",FALSE,TRUE,FALSE,FALSE,"RT01","X",NA,"PSME",50,NA,"PM205",0,FALSE,0,"pm205","tree","PM205","",13.5,66452.00671,-91512.35774,0,1518.62574397158,"SL",5.254221794,196.740245705053,197.3115
382,"1233","1229",FALSE,FALSE,TRUE,FALSE,"RR7","X",NA,"PSME",37.5,7,"1229",290,FALSE,7.7,"","tree","","",303.5,65236.43563,-91546.71819,0,1399.80377843294,"SL",44.09913434,NA,155.7915
383,"1230","1078",FALSE,TRUE,FALSE,FALSE,"RR7","X",NA,"PSME",48.7,9,"1078",314,FALSE,9.5,"","tree","","",327.5,65249.68948,-91506.93752,0,1387.38009717443,"SL",64.35867261,NA,192.99342
384,"2582","2581",FALSE,FALSE,TRUE,FALSE,"RS01","X",NA,"PIPO",69.7,11,"2581",54,FALSE,7.9,"","tree","","",67.5,28432.44911,-51955.59089,0,1213.81383152492,"SL",13.74586397,256.143238675064,262.74702
385,"2604","2601",FALSE,FALSE,TRUE,FALSE,"TEDDY","X",NA,"PSME",68,11,"2601",28,FALSE,7.7,"","tree","","",41.5,30033.95927,-33440.52984,0,1202.46679583594,"SL",47.70316603,239.684277322806,257.1003
389,"2048","RS77ROCK",FALSE,TRUE,FALSE,FALSE,"RS77","X",NA,"PSME",37.5,7,"RS77ROCK",155,FALSE,13.1,"","tree","","",168.5,17776.05653,-10327.18724,0,1356.06711913,"SL",10.00933298,148.017242304872,155.7915
390,"2017","2016",FALSE,TRUE,FALSE,FALSE,"RS98F","X",NA,"PSME",24.4,7,"2016",230,TRUE,5.5,"","tree","","",63.5,31525.45847,-32223.78757,0,1220.45040906087,"SL",16.58438744,94.0766816016254,112.27854
397,"PM36","PM35",FALSE,FALSE,TRUE,FALSE,"HARDIN","x",NA,"PSME",105.6,7,"PM35",280,FALSE,9.3,"bearing might be with declination","tree","","",293.5,9903.694914,-23064.78751,0,1360.34375071427,"SL",NA,NA,381.99246
398,"1398","PM20",FALSE,TRUE,FALSE,FALSE,"HARDIN","X",NA,"PSME",33.3,NA,"PM20",0,FALSE,0,"","tree","PM20","",13.5,9862.242405,-23094.52496,0,1366.26957270865,"SL",27.53048927,64.4990119941615,141.84078
399,"1103","PM22",FALSE,TRUE,FALSE,FALSE,"HARDIN","X",NA,"PSME",61.7,NA,"PM22",0,FALSE,0,"","tree","PM22","",13.5,9867.302324,-23090.79266,0,1365.76700629444,"SL",27.23094274,115.810943497767,236.17422
400,"1400","PM27",FALSE,TRUE,FALSE,FALSE,"HARDIN","X",NA,"PSME",35.4,NA,"PM27",0,FALSE,0,"","tree","PM27","",13.5,9884.578409,-23075.3878,0,1364.11762513547,"SL",14.1074275,63.026726524349,148.81614
401,"1096","PM39",FALSE,TRUE,FALSE,FALSE,"HARDIN","X",NA,"PSME",33.3,NA,"PM39",0,FALSE,0,"","tree","PM39","",13.5,9878.803052,-23061.51101,0,1365.60907700535,"SL",NA,140.93070764063,141.84078
402,"1140","1319",FALSE,FALSE,TRUE,FALSE,"HARDIN","X",NA,"PIPO",73,15,"1319",107,FALSE,4.6,"","tree","","",120.5,9884.043162,-23082.52851,0,1363.78611857898,"SL",38.08627257,NA,273.7083
403,"1138","1137",FALSE,FALSE,TRUE,FALSE,"HARDIN B","X",NA,"PSME",52.8,7,"1137",3,FALSE,9.7,"","tree","","ref 1137 is best guess (left off datasheet)",16.5,7481.929318,-23043.28048,0,1251.8451598352,"SL",233.0603485,NA,206.61198
404,"1152","1151",FALSE,FALSE,TRUE,FALSE,"LESTAN","X",NA,"PSME",44.2,8,"1151",309,FALSE,9.3,"","tree","","",322.5,1432.908428,-21063.95106,0,1113.94731020251,"SL",24.11129282,179.384318495153,178.04622
406,"1161","1159",FALSE,FALSE,TRUE,FALSE,"LESTAN","X",NA,"PIPO",44.1,12,"1159",201,FALSE,13.7,"","tree","","",214.5,1511.192816,-21034.99103,0,1116.79166274262,"SL",14.21247573,NA,177.71406
407,"1114","1113",FALSE,FALSE,TRUE,FALSE,"YSO3","X",NA,"PSME",81.9,7,"1113",288,FALSE,10,"","tree","","",301.5,2851.902497,-21374.53203,0,1196.71831858407,"SL",92.40210299,NA,303.27054
408,"1125","1124",FALSE,FALSE,TRUE,FALSE,"YSO3","X",NA,"PSME",94.2,11,"1124",243,TRUE,6.9,"","tree","","",76.5,2782.43038,-21294.77221,0,1195.41929287818,"SL",51.12028399,NA,344.12622
409,"1127","1117",FALSE,FALSE,TRUE,FALSE,"YSO3","X",NA,"PILA",80.2,7,"1117",73,FALSE,12.1,"","tree","","",86.5,2805.566992,-21391.16742,0,1192.93457181119,"SL",123.0091906,NA,297.62382
410,"1129","1117",FALSE,FALSE,TRUE,FALSE,"YSO3","X",NA,"PILA",48.2,15,"1117",0,FALSE,18.7,"","tree","","",13.5,2813.278995,-21408.61205,0,1192.63486873145,"SL",40.215384,NA,191.33262
411,"1118","1117",FALSE,FALSE,TRUE,FALSE,"YSO3","X",NA,"PILA",68.2,NA,"1117",294,FALSE,5,"","tree","","",307.5,2821.61119,-21393.47254,0,1194.24454041282,"SL",25.5571671,NA,257.76462
412,"1121","1120",FALSE,FALSE,TRUE,FALSE,"YSO3","X",NA,"PSME",50.1,15,"1120",120,FALSE,8.1,"","tree","","",133.5,2775.844638,-21371.8958,0,1190.81353416555,"SL",29.6542347,182.359720383957,197.64366
413,"1063","1062",FALSE,FALSE,TRUE,FALSE,"RT01","X",NA,"PIPO",53.6,6,"1062",186,TRUE,14.7,"","tree","","",19.5,66442.71414,-91510.8388,0,1515.58119967468,"SL",113.2902674,204.924196269608,209.26926
417,"1069","1068",FALSE,FALSE,TRUE,FALSE,"RT01","X",NA,"PIPO",40.9,11,"1068",326,FALSE,9.2,"","tree","","",339.5,66449.22448,-91534.1053,0,1516.90999299327,"SL",16.25186973,171.0656735702,167.08494
418,"1072","1071",FALSE,FALSE,TRUE,FALSE,"RT01","X",NA,"PIPO",64.5,6,"1071",214,FALSE,7.5,"","tree","","",227.5,66451.08417,-91477.28524,0,1515.81060376216,"SL",38.29583448,282.034243686216,245.4747
422,"1225","1225",FALSE,TRUE,FALSE,FALSE,"RR7","X",NA,"PSME",99.5,5,"1225",0,FALSE,0,"","tree","","",13.5,65218.55967,-91534.5903,0,1397.55622033381,"SL",140.6165638,NA,361.7307
423,"1231","1226",FALSE,FALSE,TRUE,FALSE,"RR7","X",NA,"PIPO",82.1,8,"1226",94,FALSE,3.7,"","tree","","",107.5,65206.42649,-91542.54487,0,1401.55650877957,"SL",22.39510533,173.251823835814,303.93486
424,"1234","1232",FALSE,FALSE,TRUE,FALSE,"RR7","X",NA,"PIPO",60.9,7,"1232",12,FALSE,3.4,"","tree","","",25.5,65200.17294,-91540.83492,0,1401.64555577344,"SL",22.44428176,NA,233.51694
425,"1235","1235",FALSE,TRUE,FALSE,FALSE,"RR7","X",NA,"PSME",38.9,12,"1235",0,FALSE,0,"","tree","","",13.5,65224.75615,-91460.32803,0,1376.36194219052,"SL",71.91786093,164.585621701706,160.44174
426,"1078","1078",FALSE,TRUE,FALSE,FALSE,"RR7","X",NA,"PIPO",54.8,4,"1078",0,FALSE,0,"top dying back","tree","","",13.5,65244.58514,-91498.9253,0,1385.67632199595,"SL",29.28177686,NA,213.25518
454,"1432","1432",FALSE,TRUE,FALSE,FALSE,"YB01F","X",NA,"PSME",71.2,5,"1432",0,FALSE,0,"","tree","","",13.5,10551.76057,-47995.58786,0,1101.04936350425,"SL",105.7629244,NA,267.72942
455,"1433","1432",FALSE,TRUE,FALSE,FALSE,"YB01F","X",NA,"PSME",74,7,"1432",277,TRUE,2.7,"","tree","","",110.5,10549.23155,-47994.6423,0,1100.84216647927,"SL",NA,NA,277.0299
456,"1442","1440",FALSE,FALSE,TRUE,FALSE,"YB01F","X",NA,"PSME",93,9,"1440",198,FALSE,7.1,"","tree","","",211.5,10534.37468,-48003.20856,0,1093.85495673856,"SL",45.66004264,NA,340.1403
457,"1425","1425",FALSE,TRUE,FALSE,FALSE,"YB01B","X",NA,"PSME",33.8,5,"1425",0,FALSE,0,"","tree","","",13.5,10501.35607,-47884.96487,0,1109.72427781505,"SL",42.72738443,128.565128415697,143.50158
458,"1426","1425",FALSE,TRUE,FALSE,FALSE,"YB01B","X",NA,"PSME",30.4,6,"1425",178,FALSE,4.5,"","tree","","",191.5,10502.25322,-47880.55521,0,1110.50158647881,"SL",37.03211974,NA,132.20814
459,"1428","1427",FALSE,FALSE,TRUE,FALSE,"YB01B","X",NA,"PIPO",41.2,5,"1427",260,FALSE,8.2,"","tree","","",273.5,10512.63675,-47880.20953,0,1115.85268061128,"SL",NA,160.852750736667,168.08142
460,"1429","1429",FALSE,TRUE,FALSE,FALSE,"YB01B","X",NA,"PIPO",78,6,"1429",0,FALSE,0,"","tree","","",13.5,10504.27913,-47923.37891,0,1105.5252275023,"SL",64.74467584,NA,290.3163
461,"1431","1430",FALSE,FALSE,TRUE,FALSE,"YB01B","X",NA,"PSME",24.9,5,"1430",15,FALSE,1.7,"","tree","","",28.5,10511.44629,-47919.18201,0,1109.83993482912,"SL",25.13703871,91.6385968570322,113.93934
462,"1500","1500",FALSE,TRUE,FALSE,FALSE,"YB01A","X",NA,"PIPO",66,10,"1500",0,FALSE,0,"Wpt not entered; assumed 1500","tree","","",13.5,10303.12996,-48116.18131,0,1109.34664156635,"SL",10.84620363,NA,250.4571
463,"1416","1417",FALSE,FALSE,TRUE,FALSE,"YB01A","X",NA,"PSME",49.1,8,"1417",330,FALSE,10.2,"","tree","","",343.5,10300.05098,-48133.85661,0,1114.17182481016,"SL",23.74063389,156.181637876954,194.32206
464,"1419","PM219",FALSE,TRUE,FALSE,FALSE,"YB01A","X",NA,"PSME",34.7,NA,"PM219",0,FALSE,0,"AKA pm219","tree","PM219","",13.5,10313.02781,-48147.47666,0,1115.16882429309,"SL",18.79804973,138.747757406522,146.49102
465,"1421","PM221",FALSE,TRUE,FALSE,FALSE,"YB01A","X",NA,"PSME",126.7,NA,"PM221",0,FALSE,0,"AKA pm221","tree","PM221","",13.5,10315.02309,-48156.45638,0,1116.48296896204,"SL",61.55014491,NA,452.07822
466,"1423","PM218",FALSE,TRUE,FALSE,FALSE,"YB01A","X",NA,"PSME",72.5,NA,"PM218",0,FALSE,0,"AKA pm218","tree","PM218","",13.5,10320.08828,-48144.81221,0,1113.49026895856,"SL",NA,281.821670071184,272.0475
467,"1420","PM220",FALSE,TRUE,FALSE,FALSE,"YB01A","X",NA,"PSME",51.5,NA,"PM220",0,FALSE,0,"AKA pm220","tree","PM220","",13.5,10309.56835,-48152.56787,0,1116.76455644548,"SL",49.34473116,NA,202.2939
469,"1493","1494",FALSE,FALSE,TRUE,FALSE,"YB01A","X",NA,"PIPO",58.5,10,"1494",160,FALSE,2.5,"","tree","","",173.5,10307.60098,-48122.24339,0,1110.35883235062,"SL",29.7847089,NA,225.5451
470,"1495","1500",FALSE,TRUE,FALSE,FALSE,"YB01A","X",NA,"PIPO",64.2,11,"1500",159,FALSE,10.2,"","tree","","",172.5,10301.7986,-48106.06857,0,1106.57997037712,"SL",5.659808021,NA,244.47822
471,"1496","1496",FALSE,TRUE,FALSE,FALSE,"YB01A","X",NA,"PIPO",78,13,"1496",0,FALSE,0,"","tree","","",13.5,10364.88741,-48152.13596,0,1107.63180658928,"SL",10.44186044,287.602270157934,290.3163
472,"1424","1424",FALSE,TRUE,FALSE,FALSE,"YB01A","X",NA,"PSME",33.3,8,"1424",0,FALSE,0,"","tree","","",13.5,10313.05096,-48080.45381,0,1097.0155213227,"SL",26.46064134,NA,141.84078
473,"1492","1424",FALSE,TRUE,FALSE,FALSE,"YB01A","X",NA,"PIPO",31.9,9,"1424",148,FALSE,7.4,"","tree","","",161.5,10310.70291,-48073.43621,0,1094.49172917796,"SL",22.54299544,NA,137.19054
474,"2141","2140",FALSE,FALSE,TRUE,FALSE,"RS98B","X",NA,"PIPO",50.8,7,"2140",158,TRUE,1.9,"","tree","","",351.5,33190.21813,-31909.07186,0,1232.66109941159,"SL",33.56659252,236.764447163688,199.96878
475,"2145","2144",FALSE,FALSE,TRUE,FALSE,"RS98B","X",NA,"PSME",81.3,4,"2144",45,TRUE,10.6,"","tree","","",238.5,33206.18961,-31885.09129,0,1243.91626545864,"SL",NA,NA,301.27758
476,"2147","2146",FALSE,FALSE,TRUE,FALSE,"RS98B","X",NA,"PIPO",47.3,8,"2146",221,TRUE,3.1,"","tree","","",54.5,33196.11886,-31908.59932,0,1232.73344030688,"SL",29.59992894,183.022826836946,188.34318
477,"2149","2148",FALSE,FALSE,TRUE,FALSE,"RS98B","X",NA,"PIPO",124.5,5,"2148",301,FALSE,9.5,"","tree","","",314.5,33242.49911,-31886.21793,0,1241.86940601327,"SL",NA,NA,444.7707
478,"2117","2116",FALSE,FALSE,TRUE,FALSE,"RS91H","X",NA,"PIPO",47.4,9,"2116",38,FALSE,4.2,"","tree","","",51.5,15615.73116,-26035.09647,0,1476.66174963732,"SL",26.68780234,NA,188.67534
479,"2118","2116",FALSE,FALSE,TRUE,FALSE,"RS91H","X",NA,"ABCO",58.9,14,"2116",155,FALSE,3.8,"","tree","","",168.5,15618.26051,-26028.75819,0,1478.57998685619,"SL",20.4914593,195.316888484272,226.87374
480,"2121","2120",FALSE,FALSE,TRUE,FALSE,"RS91H","X",NA,"ABCO",46.7,10,"2120",296,FALSE,10.7,"","tree","","",309.5,15640.97785,-26025.60988,0,1481.85247964997,"SL",23.42942338,NA,186.35022
481,"2127","2126",FALSE,FALSE,TRUE,FALSE,"RS91H","X",NA,"ABCO",81.6,6,"2126",229,TRUE,5.2,"","tree","","",62.5,15622.62772,-26052.41072,0,1473.40505260226,"SL",31.54600137,NA,302.27406
482,"2128","2123",FALSE,FALSE,TRUE,FALSE,"RS91H","X",NA,"PSME",61.6,6,"2123",238,FALSE,15.9,"","tree","","",251.5,15660.93451,-26067.82065,0,1474.38739169808,"SL",27.33012431,NA,235.84206
483,"2130","2129",FALSE,FALSE,TRUE,FALSE,"RS91H","X",NA,"PIPO",117.6,8,"2129",173,FALSE,17.8,"","tree","","",186.5,15654.98626,-26048.88532,0,1478.17011596584,"SL",43.16838781,NA,421.85166
484,"2132","2131",FALSE,FALSE,TRUE,FALSE,"RS91H","X",NA,"ABCO",74.7,11,"2131",161,FALSE,4,"","tree","","",174.5,15726.08086,-26060.79783,0,1484.57465844641,"SL",45.67236245,NA,279.35502
485,"2133","2131",FALSE,FALSE,TRUE,FALSE,"RS91H","X",NA,"PIPO",60.8,11,"2131",329,FALSE,10.1,"","tree","","",342.5,15729.50137,-26074.41195,0,1483.00305071462,"SL",15.6555896,226.370882607877,233.18478
486,"2135","2134",FALSE,FALSE,TRUE,FALSE,"RS91H","X",NA,"PIPO",61.6,13,"2134",303,FALSE,10.7,"","tree","","",316.5,15779.53851,-26062.06329,0,1493.82594359339,"SL",11.56372118,NA,235.84206
487,"2136","2134",FALSE,FALSE,TRUE,FALSE,"RS91H","X",NA,"ABCO",47.1,9,"2134",277,FALSE,4.9,"","tree","","",290.5,15776.76281,-26056.0178,0,1494.49054358974,"SL",28.3730191,208.361766996859,187.67886
488,"2139","2138",FALSE,FALSE,TRUE,FALSE,"RS91H","X",NA,"PIPO",53.1,11,"2138",334,TRUE,7.1,"","tree","","",167.5,15765.287,-26034.89154,0,1496.37647964474,"SL",28.19106954,235.8062572273,207.60846
489,"2542","2542",FALSE,TRUE,FALSE,FALSE,"RS01","X",NA,"PSME",72.1,7,"2542",0,FALSE,0,"","tree","","",13.5,28535.23252,-52207.44282,0,1202.73759979022,"SL",15.63520583,302.929022666418,270.71886
490,"2543","2542",FALSE,TRUE,FALSE,FALSE,"RS01","X",NA,"PIPO",47.1,6,"2542",227,FALSE,13.3,"","tree","","",240.5,28546.80825,-52200.89359,0,1203.5544103697,"SL",14.85138351,NA,187.67886
491,"2544","2544",FALSE,TRUE,FALSE,FALSE,"RS01","X",NA,"PSME",56.4,2,"2544",0,FALSE,0,"","tree","","",13.5,28408.50169,-52161.69483,0,1206.75152289782,"SL",22.90682991,216.647452426667,218.56974
492,"2545","2544",FALSE,TRUE,FALSE,FALSE,"RS01","X",NA,"PIPO",45.3,8,"2544",210,FALSE,23,"","tree","","",223.5,28424.33384,-52145.01122,0,1206.8590850456,"SL",NA,199.193299161284,181.69998
493,"2546","2546",FALSE,TRUE,FALSE,FALSE,"RS01","X",NA,"PSME",50.2,8,"2546",0,FALSE,0,"","tree","","",13.5,28303.27096,-52055.13902,0,1187.13502076259,"SL",87.49680754,180.714566023719,197.97582
494,"2547","2546",FALSE,TRUE,FALSE,FALSE,"RS01","X",NA,"PIPO",48,8,"2546",180,FALSE,29.5,"","tree","","",193.5,28310.1576,-52026.45411,0,1188.37980085547,"SL",NA,NA,190.6683
495,"2549","2546",FALSE,TRUE,FALSE,FALSE,"RS01","X",NA,"PIPO",53.5,7,"2546",75,TRUE,7.7,"","tree","","",268.5,28310.96832,-52054.93746,0,1188.14132415039,"SL",24.70227661,191.659634033292,208.9371
496,"2550","2548",FALSE,FALSE,TRUE,FALSE,"RS01","X",NA,"PSME",103.8,9,"2548",345,TRUE,21.4,"no comp.; in drainage","tree","","",178.5,28247.97562,-51780.0337,0,1194.63796548888,"SL",NA,NA,376.01358
497,"2551","2551",FALSE,TRUE,FALSE,FALSE,"RS01","X",NA,"PSME",56.4,4,"2551",0,FALSE,0,"drainage sample!","tree","","",13.5,27853.0302,-51779.55756,0,1182.8517460033,"SL",NA,NA,218.56974
498,"2552","2552",FALSE,TRUE,FALSE,FALSE,"RS01","X",NA,"PSME",49.7,9,"2552",0,FALSE,0,"drainage core!","tree","","",13.5,27787.85543,-51768.24867,0,1182.54096038213,"SL",12.87953906,190.572380979984,196.31502
499,"2553","2553",FALSE,TRUE,FALSE,FALSE,"RS01","X",NA,"PSME",41,12,"2553",0,FALSE,0,"","tree","","",13.5,27711.62398,-51649.76434,0,1190.12469269773,"SL",8.590980394,156.617254673919,167.4171
500,"2554","2553",FALSE,TRUE,FALSE,FALSE,"RS01","X",NA,"PIPO",68,13,"2553",202,TRUE,2.1,"","tree","","",35.5,27710.4045,-51651.47398,0,1189.8021082134,"SL",21.02992942,292.624850753542,257.1003
501,"2555","2555",FALSE,TRUE,FALSE,FALSE,"RS01","X",NA,"PSME",48,15,"2555",0,FALSE,0,"","tree","","",13.5,27682.61727,-51703.5401,0,1183.55301382193,"SL",17.14331733,NA,190.6683
502,"2556","2555",FALSE,TRUE,FALSE,FALSE,"RS01","X",NA,"PSME",42.2,11,"2555",68,FALSE,3.7,"","tree","","",81.5,27678.95791,-51704.08699,0,1183.37624749215,"SL",22.40187196,NA,171.40302
505,"2560","2559",FALSE,TRUE,FALSE,FALSE,"RS01","X",NA,"PIPO",44.4,7,"2559",184,FALSE,8.1,"","tree","","",197.5,27780.22141,-51640.02222,0,1194.21010038055,"SL",14.27587539,187.72977268178,178.71054
506,"2577","2577",FALSE,TRUE,FALSE,FALSE,"RS01","X",NA,"PSME",37.2,11,"2577",0,FALSE,0,"","tree","","",13.5,28462.30226,-52005.50417,0,1217.29112556552,"SL",38.97921816,142.333541603569,154.79502
507,"2578","2577",FALSE,TRUE,FALSE,FALSE,"RS01","X",NA,"PIPO",55.5,10,"2577",142,FALSE,6,"","tree","","",155.5,28459.8141,-52000.0444,0,1217.31994823576,"SL",20.14601408,223.508797947718,215.5803
508,"2579","2579",FALSE,TRUE,FALSE,FALSE,"RS01","X",NA,"PSME",99,15,"2579",0,FALSE,0,"too near road?","tree","","",13.5,28441.66821,-51949.1733,0,1216.40351197143,"SL",19.41392312,NA,360.0699
509,"2580","2579",FALSE,TRUE,FALSE,FALSE,"RS01","X",NA,"PIPO",82,14,"2579",162,FALSE,7.7,"","tree","","",175.5,28441.06408,-51941.49704,0,1216.67335786065,"SL",19.79547062,NA,303.6027
510,"2591","PM41",FALSE,TRUE,FALSE,FALSE,"TEDDY","X",NA,"ABCO",42.7,12,"PM41",150,FALSE,6.8,"","tree","","",163.5,30021.12147,-33409.85321,0,1197.86195621775,"SL",19.57951049,185.37910262822,173.06382
511,"2592","PM41",FALSE,TRUE,FALSE,FALSE,"TEDDY","X",NA,"PIPO",78.2,10,"PM41",310,FALSE,3.7,"","tree","","",323.5,30025.25362,-33419.34745,0,1199.18880286871,"SL",8.493337489,NA,290.98062
512,"2594","2593",FALSE,FALSE,TRUE,FALSE,"TEDDY","X",NA,"PIPO",82.4,13,"2593",190,FALSE,13.1,"","tree","","",203.5,30058.89621,-33420.24983,0,1202.63097961727,"SL",19.29402564,NA,304.93134
513,"PM45","PM45",FALSE,TRUE,FALSE,FALSE,"TEDDY","X",NA,"PSME",40.2,14,"PM45",0,FALSE,0,"","tree","","",13.5,30049.90811,-33437.44722,0,1203.94998244022,"SL",12.03196448,142.977659904261,164.75982
514,"2595","2596",FALSE,FALSE,TRUE,FALSE,"TEDDY","X",NA,"ABCO",50.9,8,"2596",348,FALSE,9.8,"","tree","","",1.5,30042.21579,-33454.84922,0,1205.30743475739,"SL",36.17922174,NA,200.30094
515,"PM46","PM46",FALSE,TRUE,FALSE,FALSE,"TEDDY","X",NA,"PSME",46,NA,"PM46",0,FALSE,0,"","tree","","",13.5,30051.25476,-33454.49431,0,1206.24522583992,"SL",35.08732221,171.337318747749,184.0251
516,"2597","PM47",FALSE,TRUE,FALSE,FALSE,"TEDDY","X",NA,"ABCO",59.5,12,"PM47",255,FALSE,5.6,"","tree","","",268.5,30053.93703,-33463.59176,0,1207.75089251493,"SL",28.5414338,241.857561656186,228.8667
517,"2598","PM46",FALSE,TRUE,FALSE,FALSE,"TEDDY","X",NA,"PIPO",48.5,10,"PM46",258,FALSE,22.3,"","tree","","",271.5,30073.54712,-33455.07805,0,1208.87960804004,"SL",5.044049146,NA,192.3291
518,"2599","PM44",FALSE,TRUE,FALSE,FALSE,"TEDDY","X",NA,"PIPO",81.2,10,"PM44",157,FALSE,14.5,"","tree","","",170.5,30039.2357,-33421.99195,0,1200.98799677175,"SL",7.387441607,NA,300.94542
519,"2603","2602",FALSE,FALSE,TRUE,FALSE,"TEDDY","X",NA,"PIPO",45,11,"2602",68,FALSE,15.6,"","tree","","",81.5,30016.93767,-33457.07833,0,1203.01442822809,"SL",52.92340983,194.525515794351,180.7035
520,"2606","2605",FALSE,FALSE,TRUE,FALSE,"TEDDY","X",NA,"PSME",60,9,"2605",116,FALSE,7.4,"","tree","","",129.5,30002.55721,-33449.85522,0,1200.63354064508,"SL",22.32180188,271.428771254862,230.5275
521,"2609","2608",FALSE,FALSE,TRUE,FALSE,"TEDDY","X",NA,"ABCO",56.7,11,"2608",350,TRUE,3.9,"","tree","","",183.5,30042.14491,-33411.49559,0,1200.16433666723,"SL",51.80404709,NA,219.56622
523,"PM97","PM97",FALSE,TRUE,FALSE,FALSE,"SA03","X",NA,"PSME",NA,NA,"PM97",0,FALSE,0,"","tree","","",13.5,28043.80495,-48894.96241,0,1454.78369910169,"SL",54.9300555,NA,NA
524,"PM94","PM94",FALSE,TRUE,FALSE,FALSE,"SA03","X",NA,"PSME",NA,NA,"PM94",0,FALSE,0,"","tree","","",13.5,28031.1376,-48899.4871,0,1454.94826969806,"SL",15.77256731,NA,NA
525,"PM89","PM89",FALSE,TRUE,FALSE,FALSE,"SA03","X",NA,"PSME",NA,NA,"PM89",0,FALSE,0,"","tree","","",13.5,27987.72605,-48925.33077,0,1458.01452206576,"SL",23.75606076,NA,NA
526,"PM262","PM262",FALSE,TRUE,FALSE,FALSE,"SA03","X",NA,"PSME",NA,NA,"PM262",0,FALSE,0,"","tree","","",13.5,28123.96026,-48880.18603,0,1455.07885896563,"SL",72.35465698,284.98828943133,NA
527,"PM265","PM265",FALSE,TRUE,FALSE,FALSE,"SA03","X",NA,"PSME",NA,NA,"PM265",0,FALSE,0,"","tree","","",13.5,28142.87409,-48868.49331,0,1450.91691077832,"SL",60.58206024,223.322638393729,NA
629,"2101","2100",FALSE,FALSE,TRUE,FALSE,"RS91","X",NA,"ABCO",84.7,7,"2100",77,FALSE,20,"","tree","","",90.5,15355.12817,-26279.72513,0,1485.47749711552,"SL",96.95980672,NA,312.57102
630,"2105","2103",FALSE,FALSE,TRUE,FALSE,"RS91","X",NA,"ABCO",95.1,6,"2103",9,FALSE,27.6,"","tree","","",22.5,15346.41725,-26328.73419,0,1496.30999763,"SL",183.3060879,NA,347.11566
631,"2111","2110",FALSE,FALSE,TRUE,FALSE,"RS91","X",NA,"ABCO",72.5,7,"2110",147,FALSE,11.5,"","tree","","",160.5,15350.22253,-26348.62418,0,1499.27007487929,"SL",10.99217448,NA,272.0475
632,"2112","2110",FALSE,FALSE,TRUE,FALSE,"RS91","X",NA,"PSME",82.8,7,"2110",61,FALSE,7.3,"","tree","","",74.5,15347.02681,-26361.41539,0,1502.10982064936,"SL",40.34401368,NA,306.25998
633,"2115","2114",FALSE,FALSE,TRUE,FALSE,"RS91","X",NA,"ABCO",61.8,11,"2114",321,TRUE,5.7,"questionable reference point","tree","","",154.5,15377.6166,-26334.74516,0,1491.51448637924,"SL",32.45198034,NA,236.50638
634,"2161","2160",FALSE,FALSE,TRUE,FALSE,"RS81","X",NA,"PIPO",56.9,1,"2160",355,FALSE,18.2,"","tree","","",8.5,24395.01163,-33202.34801,0,1419.15126398549,"SL",217.282642,217.124810991536,220.23054
635,"2162","2162",FALSE,TRUE,FALSE,FALSE,"RS81","X",NA,"PSME",34,4,"2162",0,FALSE,0,"","tree","","",13.5,24403.58131,-33185.54413,0,1420.76691560732,"SL",22.71233046,130.491576530067,144.1659
636,"2163","2162",FALSE,TRUE,FALSE,FALSE,"RS81","X",NA,"PIPO",22.5,7,"2162",230,FALSE,10.9,"","tree","","",243.5,24413.3361,-33180.68057,0,1418.97352206874,"SL",10.16567866,95.6578364506667,105.9675
637,"2164","2164",FALSE,TRUE,FALSE,FALSE,"RS81","X",NA,"PSME",56.8,2,"2164",0,FALSE,0,"","tree","","",13.5,24419.06469,-33164.13366,0,1421.53968995496,"SL",40.18239661,232.197479479684,219.89838
638,"2165","2165",FALSE,TRUE,FALSE,FALSE,"RS81","X",NA,"PIPO",34.6,NA,"2165",0,FALSE,0,"in bedrock, no competitors","tree","","",13.5,24417.85873,-33143.08772,0,1429.27371614427,"SL",NA,108.306487562955,146.15886
639,"2166","2165",FALSE,TRUE,FALSE,FALSE,"RS81","X",NA,"PSME",47.7,NA,"2165",137,FALSE,9.1,"in bedrock, no competitors","tree","","",150.5,24413.37768,-33135.16748,0,1434.03852469126,"SL",NA,212.935663513413,189.67182
640,"2167","2160",FALSE,FALSE,TRUE,FALSE,"RS81","X",NA,"PIPO",28.1,NA,"2160",130,FALSE,23.8,"in bedrock, no competitors","tree","","",143.5,24383.54498,-33165.21613,0,1430.84569749191,"SL",NA,NA,124.56846
641,"2150","RS54R1",FALSE,TRUE,FALSE,FALSE,"RS54","X",NA,"PSME",56.5,8,"RS54R1",3,FALSE,6.2,"","tree","","",16.5,25644.57925,-33226.05946,0,1431.11487921961,"SL",17.66466444,199.950644319664,218.9019
642,"2153","2151",FALSE,FALSE,TRUE,FALSE,"RS54","X",NA,"PIPO",59,3,"2151",197,FALSE,21.9,"","tree","","",210.5,25662.02537,-33200.14791,0,1428.25944972607,"SL",141.9105409,226.625369583313,227.2059
644,"2159","2158",FALSE,FALSE,TRUE,FALSE,"RS54","X",NA,"PIPO",83.2,7,"2158",318,FALSE,14.1,"","tree","","",331.5,25666.30401,-33188.89643,0,1426.60056190354,"SL",72.40269392,NA,307.58862
659,"2055","2054",FALSE,FALSE,TRUE,FALSE,"RS77","X",NA,"PSME",47.1,5,"2054",202,FALSE,3.7,"","tree","","",215.5,17801.81688,-10339.01214,0,1364.49945458764,"SL",NA,171.285939434715,187.67886
662,"2032","RS85BSTUMP",FALSE,TRUE,FALSE,FALSE,"RS85B","X",NA,"PSME",58.4,9,"RS85BSTUMP",343,FALSE,14.2,"","tree","","",356.5,16732.13411,-11870.11195,0,1433.08023213405,"SL",27.00570882,245.484507320019,225.21294
663,"2033","2032",FALSE,TRUE,FALSE,FALSE,"RS85B","X",NA,"PIPO",86.6,12,"2032",292,TRUE,3.2,"","tree","","",125.5,16743.6248,-11854.53479,0,1427.44698723416,"SL",32.44578033,NA,318.88206
664,"2037","2036",FALSE,FALSE,TRUE,FALSE,"RS85B","X",NA,"PIPO",133.2,6,"2036",351,FALSE,5.9,"","tree","","",4.5,16762.40391,-11867.66758,0,1432.92131747851,"SL",50.43829048,NA,473.66862
665,"2039","2038",FALSE,FALSE,TRUE,FALSE,"RS85B","X",NA,"PIPO",78.9,5,"2038",32,TRUE,5.5,"","tree","","",225.5,16693.35964,-11913.42745,0,1431.20167095514,"SL",90.21974223,NA,293.30574
666,"2045","2044",FALSE,FALSE,TRUE,FALSE,"RS85B","X",NA,"PSME",61.3,11,"2044",95,FALSE,7.6,"","tree","","",108.5,16617.11614,-11824.5866,0,1420.04549440372,"SL",34.95836797,NA,234.84558
667,"2047","2046",FALSE,FALSE,TRUE,FALSE,"RS85B","X",NA,"PSME",59.9,9,"2046",310,FALSE,20.2,"","tree","","",323.5,16660.67446,-11826.05619,0,1423.64608752241,"SL",25.10855545,226.363326855875,230.19534
670,"2000","2000",FALSE,TRUE,FALSE,FALSE,"RS98F","X",NA,"PSME",106.6,8,"2000",0,FALSE,0,"core includes 2014 wood","tree","","",13.5,31574.48921,-32314.86854,0,1213.95048862685,"SL",32.00391713,NA,385.31406
671,"2002","2000",FALSE,TRUE,FALSE,FALSE,"RS98F","X",NA,"PIPO",45.3,8,"2000",43,TRUE,7.1,"","tree","","",236.5,31580.4098,-32310.94979,0,1214.10827708071,"SL",216.2966692,201.990263224937,181.69998
672,"2007","2006",FALSE,FALSE,TRUE,FALSE,"RS98F","X",NA,"PIPO",70.8,10,"2006",121,TRUE,8.2,"","tree","","",314.5,31587.49163,-32287.57244,0,1215.3872905241,"SL",49.86982543,NA,266.40078
673,"2013","2012",FALSE,FALSE,TRUE,FALSE,"RS98F","X",NA,"PIPO",47.3,9,"2012",284,TRUE,4.7,"","tree","","",117.5,31546.86081,-32290.54485,0,1215.81538307768,"SL",45.82135044,NA,188.34318
674,"2014","2014",FALSE,TRUE,FALSE,FALSE,"RS98F","X",NA,"PIPO",57.8,16,"2014",0,FALSE,0,"","tree","","",13.5,31485.59092,-32301.61867,0,1216.39192580213,"SL",9.762608024,NA,223.21998
675,"2015","2014",FALSE,TRUE,FALSE,FALSE,"RS98F","X",NA,"PSME",51.9,6,"2014",161,TRUE,1.8,"","tree","","",354.5,31485.76344,-32303.41038,0,1216.28460142489,"SL",64.46127941,NA,203.62254
676,"2016","2016",FALSE,TRUE,FALSE,FALSE,"RS98F","X",NA,"PIPO",35.4,2,"2016",0,FALSE,0,"","tree","","",13.5,31530.3806,-32221.33348,0,1220.50775747719,"SL",79.65861084,128.361648692251,148.81614
677,"2018","2018",FALSE,TRUE,FALSE,FALSE,"RS98F","X",NA,"PIPO",80.7,5,"2018",0,FALSE,0,"","tree","","",13.5,31542.99481,-32221.58485,0,1220.13661940783,"SL",75.04870841,297.865868290443,299.28462
678,"2019","2018",FALSE,TRUE,FALSE,FALSE,"RS98F","X",NA,"PSME",80.5,8,"2018",297,TRUE,6.8,"","tree","","",130.5,31537.82405,-32217.1686,0,1220.67793475635,"SL",30.1005619,NA,298.6203
679,"2020","RS58ROCK",FALSE,TRUE,FALSE,FALSE,"RS58","X",NA,"PSME",108.3,11,"RS58ROCK",280,FALSE,12.8,"not enough satellites, ref rock","tree","","",293.5,30559.82005,-33569.15306,0,1278.32932528818,"SL",39.92775156,NA,390.96078
680,"2021","2020",FALSE,TRUE,FALSE,FALSE,"RS58","X",NA,"PSME",106.2,9,"2020",35,TRUE,2.8,"","tree","","",228.5,30554.60599,-33509.04627,0,1253.92732803177,"SL",32.99620157,NA,383.98542
681,"2023","2022",FALSE,FALSE,TRUE,FALSE,"RS58","X",NA,"PSME",90.5,10,"2022",338,TRUE,9.6,"","tree","","",171.5,30543.11651,-33499.4928,0,1250.52635286563,"SL",20.46686825,NA,331.8363
682,"2029","2028",FALSE,FALSE,TRUE,FALSE,"RS58","X",NA,"ABCO",86.5,7,"2028",235,TRUE,8.4,"","tree","","",68.5,30492.43416,-33528.64265,0,1262.80678781962,"SL",61.60259992,NA,318.5499
683,"2031","2030",FALSE,FALSE,TRUE,FALSE,"RS58","X",NA,"PSME",124.4,8,"2030",195,TRUE,3.9,"","tree","","",28.5,30508.72801,-33536.36636,0,1264.72522109025,"SL",66.38314063,NA,444.43854
684,"2500","2500",FALSE,TRUE,FALSE,FALSE,"SA03","X",NA,"PIPO",83.5,9,"2500",0,FALSE,0,"","tree","","",13.5,28018.81784,-48934.051,0,1464.96191442651,"SL",31.11661358,NA,308.5851
685,"2506","2505",FALSE,FALSE,TRUE,FALSE,"SA03","X",NA,"ABCO",45.9,9,"2505",278,FALSE,9.2,"","tree","","",291.5,27989.46671,-48949.4632,0,1464.87183357715,"SL",37.38089081,167.0888826172,183.69294
686,"2507","2500",FALSE,TRUE,FALSE,FALSE,"SA03","X",NA,"PIPO",78.5,8,"2500",305,FALSE,14.5,"","tree","","",318.5,28028.42583,-48944.91086,0,1469.88106510599,"SL",25.39362254,NA,291.9771
687,"2508","2500",FALSE,TRUE,FALSE,FALSE,"SA03","X",NA,"PIPO",101,6,"2500",278,FALSE,41,"","tree","","",291.5,28056.96496,-48949.07755,0,1474.82000305542,"SL",NA,NA,366.7131
688,"2515","2514",FALSE,FALSE,TRUE,FALSE,"SA03","X",NA,"ABCO",41.4,10,"2514",50,FALSE,8.1,"","tree","","",63.5,28003.79905,-48931.89661,0,1462.18637310852,"SL",24.25164824,NA,168.74574
689,"2516","2503",FALSE,FALSE,TRUE,FALSE,"SA03","X",NA,"ABCO",42.5,9,"2503",69,FALSE,2.9,"","tree","","",82.5,27992.85935,-48921.81069,0,1457.73690226476,"SL",23.15266854,216.218311848033,172.3995
690,"2518","2500",FALSE,TRUE,FALSE,FALSE,"SA03","X",NA,"PSME",41.9,7,"2500",302,FALSE,15,"","tree","","",315.5,28029.33148,-48944.74976,0,1469.96696259435,"SL",12.03980408,NA,170.40654
691,"2519","2512",FALSE,FALSE,TRUE,FALSE,"SA03","X",NA,"PSME",68.5,7,"2512",63,FALSE,13.3,"","tree","","",76.5,27955.61251,-48918.62156,0,1451.54723889686,"SL",42.0250049,NA,258.7611
693,"2523","2521",FALSE,FALSE,TRUE,FALSE,"SA03","X",NA,"ABCO",42.5,10,"2521",259,FALSE,10.6,"","tree","","",272.5,28161.21316,-48866.23538,0,1449.6867514997,"SL",19.46172488,NA,172.3995
694,"PM293","PM293",FALSE,TRUE,FALSE,FALSE,"SB01","X",NA,"PSME",44.3,13,"PM293",0,FALSE,0,"","tree","","",13.5,32863.56802,-52585.78541,0,1261.89423170217,"SL",19.17366795,NA,178.37838
695,"2583","PM293",FALSE,TRUE,FALSE,FALSE,"SB01","X",NA,"PIPO",45.5,9,"PM293",57,FALSE,8.2,"","tree","","",70.5,32855.83836,-52588.52262,0,1262.52898969179,"SL",13.43287789,162.1156328156,182.3643
696,"2584","PM294",FALSE,TRUE,FALSE,FALSE,"SB01","X",NA,"PIPO",63,9,"PM294",76,FALSE,4.3,"","tree","","",89.5,32873.10331,-52590.28746,0,1261.90708899874,"SL",38.23959775,NA,240.4923
697,"PM294","PM294",FALSE,TRUE,FALSE,FALSE,"SB01","X",NA,"PSME",31.8,13,"PM294",0,FALSE,0,"","tree","","",13.5,32877.40314,-52590.24994,0,1261.69699448295,"SL",59.25957116,NA,136.85838
698,"2585","PM292",FALSE,TRUE,FALSE,FALSE,"SB01","X",NA,"PIPO",43.8,9,"PM292",305,FALSE,9.2,"","tree","","",318.5,32867.99207,-52614.01066,0,1265.46161373316,"SL",NA,152.808418421387,176.71758
700,"PM290","PM290",FALSE,TRUE,FALSE,FALSE,"SB01","X",NA,"PSME",38,NA,"PM290",0,FALSE,0,"","tree","","",13.5,32881.61952,-52607.89095,0,1264.02020228532,"SL",6.525010788,163.227443343386,157.4523
701,"2587","PM290",FALSE,TRUE,FALSE,FALSE,"SB01","X",NA,"PIPO",46,10,"PM290",162,FALSE,9.1,"","tree","","",175.5,32880.90555,-52598.81901,0,1262.76073838405,"SL",3.277402778,192.42196300969,184.0251
702,"PM285","PM285",FALSE,TRUE,FALSE,FALSE,"SB01","X",NA,"PSME",60,NA,"PM285",0,FALSE,0,"","tree","","",13.5,32887.08482,-52644.70318,0,1268.50016425369,"SL",37.62055267,115.336135130803,230.5275
703,"2588","PM285",FALSE,TRUE,FALSE,FALSE,"SB01","X",NA,"PIPO",58.7,4,"PM285",88,FALSE,15.8,"","tree","","",101.5,32871.60201,-52641.55316,0,1268.80543103529,"SL",11.21850425,NA,226.20942
704,"2590","2589",FALSE,FALSE,TRUE,FALSE,"SB01","X",NA,"PSME",37.3,10,"2589",276,FALSE,6.8,"refugium sample","tree","","",289.5,32925.18131,-52593.65862,0,1260.05132584831,"SL",11.82810556,155.113836262846,155.12718
705,"2524","2524",FALSE,TRUE,FALSE,FALSE,"RS10","X",NA,"PIPO",81.1,13,"2524",0,FALSE,0,"GPS WAY POINT","tree","","",13.5,33189.0058,-52968.63654,0,1277.39672378969,"SL",11.33057173,NA,300.61326
706,"2526","2525",FALSE,FALSE,TRUE,FALSE,"RS10","X",NA,"PIPO",69,10,"2525",190,FALSE,2.8,"","tree","","",203.5,33194.09171,-52965.04222,0,1276.63901612491,"SL",7.330148518,NA,260.4219
707,"2531","2532",FALSE,FALSE,TRUE,FALSE,"RS10","X",NA,"PIPO",105,9,"2532",18,FALSE,8.2,"","tree","","",31.5,33166.40821,-52983.08199,0,1281.08352497465,"SL",33.76549887,117.790128520382,379.9995
708,"2533","2530",FALSE,FALSE,TRUE,FALSE,"RS10","X",NA,"PSME",76.3,7,"2530",227,FALSE,8.5,"","tree","","",240.5,33176.27302,-52965.76829,0,1278.51760324214,"SL",53.01850983,237.497804076819,284.66958
710,"2539","2538",FALSE,FALSE,TRUE,FALSE,"RS10","X",NA,"ABCO",89,11,"2538",340,FALSE,12.7,"","tree","","",353.5,33219.62389,-53032.85927,0,1280.65354571062,"SL",5.493069001,259.276883679561,326.8539
711,"2540","2538",FALSE,FALSE,TRUE,FALSE,"RS10","X",NA,"PSME",35.5,12,"2538",308,FALSE,4.3,"","tree","","",321.5,33220.86302,-53023.60612,0,1279.82532968043,"SL",NA,142.983405164615,149.1483
712,"2541","2532",FALSE,FALSE,TRUE,FALSE,"RS10","X",NA,"PSME",39.9,12,"2532",235,FALSE,7,"","tree","","",248.5,33177.20562,-52973.52483,0,1279.106082168,"SL",55.46325989,NA,163.76334
713,"2561","2561",FALSE,TRUE,FALSE,FALSE,"RT02","X",NA,"PSME",47.5,11,"2561",0,FALSE,0,"","tree","","",13.5,28502.06576,-52321.11168,0,1198.95741478721,"SL",16.26737908,NA,189.0075
714,"2562","2561",FALSE,TRUE,FALSE,FALSE,"RT02","X",NA,"ABCO",43.8,7,"2561",358,TRUE,7.1,"","tree","","",191.5,28503.48128,-52314.15422,0,1195.82649008049,"SL",30.14594098,210.045780988827,176.71758
715,"2565","2564",FALSE,FALSE,TRUE,FALSE,"RT02","X",NA,"PSME",51,13,"2564",298,FALSE,3.3,"","tree","","",311.5,28502.80903,-52343.33721,0,1208.71003126856,"SL",12.28115727,225.46302529148,200.6331
716,"2568","2567",FALSE,FALSE,TRUE,FALSE,"RT02","X",NA,"ABCO",38.4,13,"2567",146,FALSE,4.1,"","tree","","",159.5,28492.81179,-52317.59243,0,1197.87595926276,"SL",58.85781698,NA,158.78094
717,"2571","2570",FALSE,FALSE,TRUE,FALSE,"RT02","X",NA,"PSME",107.7,8,"2570",84,FALSE,7.7,"","tree","","",97.5,28502.84986,-52340.35448,0,1207.38271248326,"SL",17.79692252,NA,388.96782
719,"PM41","PM41",FALSE,TRUE,FALSE,FALSE,"TEDDY","X",NA,"PSME",NA,NA,"PM41",0,FALSE,0,"","tree","","",13.5,30023.05277,-33416.37318,0,1198.66577520238,"SL",17.26041068,262.377758470342,NA
720,"PM44","PM44",FALSE,TRUE,FALSE,FALSE,"TEDDY","X",NA,"PSME",NA,NA,"PM44",0,FALSE,0,"","tree","","",13.5,30041.62889,-33436.29309,0,1202.81067941554,"SL",22.58473767,156.558322848324,NA
723,"PM101","PM101",FALSE,TRUE,FALSE,FALSE,"TEDDY","X",NA,"",NA,NA,"PM101",0,FALSE,0,"","tree","","",13.5,30044.06469,-33433.09827,0,1202.7467185643,"SL",24.43367504,230.557840482936,NA
898,"1098","PM21",FALSE,TRUE,FALSE,FALSE,"HARDIN","X",NA,"PSME",29.3,NA,"PM21",0,FALSE,0,"","tree","PM21","",13.5,9861.790727,-23091.75855,0,1366.51402564864,"SL",22.096007,52.2378398756094,128.55438
899,"1443","PM23",FALSE,TRUE,FALSE,FALSE,"HARDIN","X",NA,"PSME",37.3,NA,"PM23",0,FALSE,0,"","tree","PM23","",13.5,9861.257659,-23087.08128,0,1366.89494009165,"SL",19.43288185,65.9461174828736,155.12718
900,"1106","PM24",FALSE,TRUE,FALSE,FALSE,"HARDIN","X",NA,"PSME",49.9,NA,"PM24",0,FALSE,0,"","tree","PM24","",13.5,9878.224688,-23092.81074,0,1364.04283584496,"SL",11.86209694,95.2292588670982,196.97934
901,"1107","PM26",FALSE,TRUE,FALSE,FALSE,"HARDIN","X",NA,"PSME",72.4,NA,"PM26",0,FALSE,0,"","tree","PM26","",13.5,9895.40023,-23089.00736,0,1361.36479907643,"SL",17.4561036,146.071285679644,271.71534
902,"1399","PM40",FALSE,TRUE,FALSE,FALSE,"HARDIN","X",NA,"PSME",43.5,NA,"PM40",0,FALSE,0,"","tree","PM40","",13.5,9873.706477,-23063.96828,0,1366.35992534502,"SL",34.90942721,175.621302430508,175.7211
904,"1261","1103",FALSE,FALSE,TRUE,FALSE,"HARDIN","X",NA,"PIPO",58.1,16,"1103",250,FALSE,6.4,"","tree","","",263.5,9873.661184,-23090.06816,0,1364.8773532253,"SL",8.232648655,NA,224.21646
905,"1097","1400",FALSE,FALSE,TRUE,FALSE,"HARDIN","X",NA,"PIPO",45.4,12,"1400",312,FALSE,0.7,"","tree","","",325.5,9884.974894,-23075.96469,0,1364.0243655383,"SL",NA,173.354270343288,182.03214
906,"1109","1096",FALSE,FALSE,TRUE,FALSE,"HARDIN","X",NA,"PIPO",82.9,13,"1096",267,TRUE,2.6,"","tree","","",100.5,9876.246589,-23061.0372,0,1366.07264579447,"SL",12.19854224,NA,306.59214
907,"1141","1140",FALSE,FALSE,TRUE,FALSE,"HARDIN","X",NA,"PIPO",58.6,16,"1140",270,TRUE,3.6,"","tree","","",103.5,9880.54263,-23081.68811,0,1364.35846526418,"SL",33.80458966,NA,225.87726
909,"1133","1133",FALSE,TRUE,FALSE,FALSE,"HARDIN B","X",NA,"PSME",48.6,14,"1133",0,FALSE,0,"","tree","","",13.5,7510.97056,-23021.17493,0,1256.34246375089,"SL",38.98653579,178.537824922158,192.66126
910,"1139","1138",FALSE,FALSE,TRUE,FALSE,"HARDIN B","X",NA,"PSME",51,5,"1138",113,TRUE,9.5,"","tree","","",306.5,7489.565958,-23048.93129,0,1251.55541177632,"SL",30.00880611,NA,200.6331
911,"1143","1143",FALSE,TRUE,FALSE,FALSE,"LESTAN","X",NA,"PSME",38.1,7,"1143",0,FALSE,0,"","tree","","",13.5,1479.33799,-21012.37604,0,1104.85435267974,"SL",65.14984205,NA,157.78446
912,"1149","1148",FALSE,FALSE,TRUE,FALSE,"LESTAN","X",NA,"PSME",84.6,16,"1148",0,FALSE,12.7,"","tree","","",13.5,1451.875171,-21044.87946,0,1111.05281080805,"SL",41.00418151,NA,312.23886
913,"1153","1152",FALSE,FALSE,TRUE,FALSE,"LESTAN","X",NA,"PIPO",47.3,8,"1152",337,FALSE,0.8,"","tree","","",350.5,1433.040466,-21064.74009,0,1114.26053653956,"SL",47.7045942,NA,188.34318
914,"1154","1152",FALSE,FALSE,TRUE,FALSE,"LESTAN","X",NA,"PIPO",61.9,12,"1152",251,FALSE,9.6,"","tree","","",264.5,1442.464232,-21063.03094,0,1115.76637096148,"SL",34.00638159,NA,236.83854
915,"1158","1157",FALSE,FALSE,TRUE,FALSE,"LESTAN","X",NA,"PIPO",51.5,16,"1157",334,TRUE,0.5,"","tree","","",167.5,1485.170548,-21041.48536,0,1115.66492952918,"SL",NA,226.970129819095,202.2939
916,"1160","1159",FALSE,FALSE,TRUE,FALSE,"LESTAN","X",NA,"PIPO",34.5,13,"1159",105,TRUE,4.1,"","tree","","",298.5,1507.0362,-21048.23791,0,1121.05258267358,"SL",19.96697157,178.063671701829,145.8267
917,"1162","1161",FALSE,FALSE,TRUE,FALSE,"LESTAN","X",NA,"PSME",35.6,11,"1161",307,TRUE,3.8,"","tree","","",140.5,1508.775719,-21032.05885,0,1115.40823268899,"SL",18.2923031,142.375508913384,149.48046
918,"1110","1110",FALSE,TRUE,FALSE,FALSE,"YSO3","X",NA,"PSME",65.2,13,"1110",0,FALSE,0,"","tree","","",13.5,2828.485796,-21346.34399,0,1197.55058427352,"SL",16.99566347,222.75418223514,247.79982
919,"1115","1114",FALSE,FALSE,TRUE,FALSE,"YSO3","X",NA,"PILA",80.2,10,"1114",334,FALSE,14.5,"","tree","","",347.5,2855.040872,-21388.68833,0,1196.42318347462,"SL",69.68983752,NA,297.62382
920,"1122","1122",FALSE,TRUE,FALSE,FALSE,"YSO3","X",NA,"PSME",91.9,13,"1122",0,FALSE,0,"","tree","","",13.5,2775.204759,-21286.21506,0,1194.36391313212,"SL",33.38610758,NA,336.48654
921,"1126","1125",FALSE,FALSE,TRUE,FALSE,"YSO3","X",NA,"PIPO",89.5,18,"1125",365,FALSE,9.4,"","tree","","",18.5,2779.447716,-21303.68645,0,1195.81549295,"SL",32.09176425,NA,328.5147
922,"1128","1127",FALSE,FALSE,TRUE,FALSE,"YSO3","X",NA,"PIPO",49.4,12,"1127",35,FALSE,10.4,"","tree","","",48.5,2797.777853,-21398.05867,0,1191.39924430208,"SL",16.75774961,197.818023312268,195.31854
923,"1130","1129",FALSE,FALSE,TRUE,FALSE,"YSO3","X",NA,"PILA",59.9,9,"1129",236,FALSE,12.8,"","tree","","",249.5,2825.268399,-21404.1294,0,1194.07657241745,"SL",49.9932902,NA,230.19534
924,"1131","1118",FALSE,FALSE,TRUE,FALSE,"YSO3","X",NA,"PIPO",38.4,14,"1118",208,FALSE,6,"","tree","","",221.5,2825.58691,-21388.97881,0,1194.89151261248,"SL",49.09150692,NA,158.78094
925,"1132","1121",FALSE,FALSE,TRUE,FALSE,"YSO3","X",NA,"PSME",65.1,13,"1121",81,FALSE,12.1,"","tree","","",94.5,2763.781939,-21370.94645,0,1188.64834762638,"SL",64.35854988,253.585813551698,247.46766
